phase,target,collocate,exp_local,obs_local,ratio_local,obs_global,p_value,log_likelihood,log_dice,adjusted_p_value
Early Ming (1368-1523),倭,海上,0.020100973835521972,8,397.99066778857184,34,0.0,81.94702772842251,11.370643379920391,0.0
Early Ming (1368-1523),倭,登岸,0.0035472306768568186,2,563.8201127004768,6,5.224463629605047e-06,22.10514188790077,9.850252880495319,0.0003552635268131432
Early Ming (1368-1523),倭,出海,0.006503256240904167,2,307.5382432911692,11,1.9132807739241642e-05,19.318145473187545,9.752072486556415,0.0008673539508456211
Early Ming (1368-1523),倭,沿海,0.013597717594617803,2,147.08350766099394,23,8.758558362509383e-05,16.173163914130463,9.540568381362704,0.0029779098432531903
Early Ming (1368-1523),倭,华人,0.016553743158665153,2,120.8185955786736,28,0.00013061138459169452,15.359421399929776,9.460841188891969,0.003552629660894091
Early Ming (1368-1523),倭,青州,0.025421819850807197,2,78.67257386518281,43,0.00031017344036021743,13.609249238763361,9.245112497836532,0.005360259680572179
Early Ming (1368-1523),倭,海捕,0.0005912051128094697,1,1691.4603381014306,1,0.000591205111827814,14.867995265786734,8.955605880641546,0.005360259680572179
Early Ming (1368-1523),倭,岛屿,0.0005912051128094697,1,1691.4603381014306,1,0.000591205111827814,14.867995265786734,8.955605880641546,0.005360259680572179
Early Ming (1368-1523),倭,縻户,0.0005912051128094697,1,1691.4603381014306,1,0.000591205111827814,14.867995265786734,8.955605880641546,0.005360259680572179
Early Ming (1368-1523),倭,广益,0.0005912051128094697,1,1691.4603381014306,1,0.000591205111827814,14.867995265786734,8.955605880641546,0.005360259680572179
Early Ming (1368-1523),倭,水具,0.0005912051128094697,1,1691.4603381014306,1,0.000591205111827814,14.867995265786734,8.955605880641546,0.005360259680572179
Early Ming (1368-1523),倭,周如斗,0.0005912051128094697,1,1691.4603381014306,1,0.000591205111827814,14.867995265786734,8.955605880641546,0.005360259680572179
Early Ming (1368-1523),倭,海巡,0.0005912051128094697,1,1691.4603381014306,1,0.000591205111827814,14.867995265786734,8.955605880641546,0.005360259680572179
Early Ming (1368-1523),倭,警告,0.0005912051128094697,1,1691.4603381014306,1,0.000591205111827814,14.867995265786734,8.955605880641546,0.005360259680572179
Early Ming (1368-1523),倭,留村,0.0011824102256189394,1,845.7301690507153,2,0.0011820611521446514,12.096587766444868,8.933910809542228,0.008461069299561716
Early Ming (1368-1523),倭,缘海,0.0011824102256189394,1,845.7301690507153,2,0.0011820611521446514,12.096587766444868,8.933910809542228,0.008461069299561716
Early Ming (1368-1523),倭,外洋,0.0011824102256189394,1,845.7301690507153,2,0.0011820611521446514,12.096587766444868,8.933910809542228,0.008461069299561716
Early Ming (1368-1523),倭,白山,0.0011824102256189394,1,845.7301690507153,2,0.0011820611521446514,12.096587766444868,8.933910809542228,0.008461069299561716
Early Ming (1368-1523),倭,扬帆,0.0017736153384284093,1,563.8201127004768,3,0.0017725668467710731,11.05127270222849,8.912537158749661,0.009439598216391442
Early Ming (1368-1523),倭,大江南北,0.0017736153384284093,1,563.8201127004768,3,0.0017725668467710731,11.05127270222849,8.912537158749661,0.009439598216391442
Middle Ming (1523-1567),倭,江北,0.1979904272636714,9,45.456743158669774,29,0.0,54.144069007988435,10.186931426748002,0.0
Middle Ming (1523-1567),倭,官军,0.6007985379035545,8,13.315611632337612,88,1.8313931726687827e-07,27.291295943156435,9.714597781137751,2.295346109744874e-05
Middle Ming (1523-1567),倭,东南,0.6485893306913373,7,10.792653638842063,95,4.487502481276273e-06,21.054861931376507,9.489942308292735,0.00021091261661998484
Middle Ming (1523-1567),倭,戚继光,0.12971786613826747,5,38.54519156729308,19,1.568195853174359e-07,28.168896174497235,9.397115591281581,2.295346109744874e-05
Middle Ming (1523-1567),倭,入寇,0.2526084761639945,5,19.793476750772125,37,5.37060471528239e-06,21.009297868623324,9.294022098317477,0.00022437193032735317
Middle Ming (1523-1567),倭,浙东,0.061445305012863535,4,65.09854575809499,9,2.643794998480331e-07,27.604036953605146,9.13581385534572,2.4851672985715112e-05
Middle Ming (1523-1567),倭,朝鲜,0.06827256112540392,4,58.588691182285494,10,4.395199748596923e-07,26.522791936068685,9.129635280416595,3.305190210944886e-05
Middle Ming (1523-1567),倭,兴化,0.07509981723794432,4,53.26244652935045,11,6.879256351233209e-07,25.576106231306817,9.123483053435,4.311000646772811e-05
Middle Ming (1523-1567),倭,柘林,0.08192707335048471,4,48.82390931857124,12,1.0261444893799876e-06,24.734045236095426,9.117356950638158,5.5118618286696475e-05
Middle Ming (1523-1567),倭,保靖,0.12289061002572707,4,32.54927287904749,18,6.143545357550906e-06,21.023042995374794,9.081136762725405,0.00023099730544391407
Middle Ming (1523-1567),倭,胡宗宪,0.15702689058842903,4,25.473343992298037,23,1.7301243663392363e-05,18.90717008369726,9.051632768415322,0.0005004052013411945
Middle Ming (1523-1567),倭,苏州,0.22529945171383295,4,17.754148843116816,33,7.572475231454323e-05,15.921688185523784,8.994375450806121,0.0016748533453098974
Middle Ming (1523-1567),倭,福建,0.6690710990289584,5,7.473047344679272,98,0.0005932512266326739,11.6542815721648,8.991011216772744,0.00826157263755131
Middle Ming (1523-1567),倭,通州,0.32770829340193885,4,12.20597732964281,48,0.0003319602400663202,12.966636232504163,8.912537158749661,0.005426828272388539
Middle Ming (1523-1567),倭,八月,0.4915624401029083,4,8.137318219761873,72,0.0015419192460937037,9.934735834198445,8.79054663437105,0.014545502269482966
Middle Ming (1523-1567),倭,庚申,0.04779079278778275,3,62.77359769530588,7,1.0899001670505726e-05,20.418557778155314,8.733213459305098,0.00034150205234251274
Middle Ming (1523-1567),倭,福清,0.04779079278778275,3,62.77359769530588,7,1.0899001670505726e-05,20.418557778155314,8.733213459305098,0.00034150205234251274
Middle Ming (1523-1567),倭,五月,0.607625794016095,4,6.58299900924556,89,0.0033401866581559414,8.427652643204429,8.709981153067382,0.025118203669332678
Middle Ming (1523-1567),倭,台州,0.07509981723794432,3,39.946834897012835,11,5.033994912184703e-05,17.143055088176595,8.708445554156157,0.0011829888043634051
Middle Ming (1523-1567),倭,嘉兴,0.0887543294630251,3,33.80116798978009,13,8.636880845158679e-05,16.016075934617536,8.696219251822896,0.001804148443210924
Late Ming (1592-1598),倭,朝鲜,1.2801374907930272,14,10.936325278097431,77,0.0,43.92253575292786,11.268196110949573,0.0
Late Ming (1592-1598),倭,釜山,0.24937743327136894,9,36.08987341772152,15,4.3295194049801116e-13,53.80879163410026,11.215728691055437,4.805766539527924e-11
Late Ming (1592-1598),倭,蔚山,0.16625162218091263,6,36.08987341772152,10,4.1446295052961465e-09,35.86031435097571,10.690144737413213,3.0670258339191485e-07
Late Ming (1592-1598),倭,沈惟敬,0.19950194661709517,5,25.062412095639942,12,9.064772955591494e-07,24.918950178726707,10.403064857612769,4.933328462945096e-05
Late Ming (1592-1598),倭,王子,0.09975097330854758,4,40.09985935302391,6,1.1111100141768234e-06,25.21448208537873,10.154509949055624,4.933328462945096e-05
Late Ming (1592-1598),倭,官军,0.29925291992564274,4,13.366619784341303,18,0.0001932389596486228,14.184502259291875,10.011315313227835,0.005574316602832934
Late Ming (1592-1598),倭,七月,0.38237873101609904,4,10.46083287470189,23,0.0005233971406970461,12.167441565815668,9.955605880641546,0.009682847102895353
Late Ming (1592-1598),倭,行长,0.5818806776331942,4,6.874261603375528,35,0.0026426284030113267,8.94569043689869,9.830074998557688,0.030877026603606028
Late Ming (1592-1598),倭,汉江,0.11637613552663884,3,25.77848101265823,7,0.00015266501261912424,15.160384337974211,9.726981505593585,0.005574316602832934
Late Ming (1592-1598),倭,斩获,0.1330012977447301,3,22.55617088607595,8,0.00024123495103323123,14.169547441576167,9.714597781137751,0.005574316602832934
Late Ming (1592-1598),倭,庆州,0.1330012977447301,3,22.55617088607595,8,0.00024123495103323123,14.169547441576167,9.714597781137751,0.005574316602832934
Late Ming (1592-1598),倭,平壤,0.29925291992564274,3,10.024964838255977,18,0.003104573848772607,8.868991917354842,9.59627781394899,0.03446076972137594
Late Ming (1592-1598),倭,四月,0.46550454210655534,3,6.444620253164557,28,0.011020155096285289,6.355883489968196,9.486930417760629,0.04291611642218909
Late Ming (1592-1598),倭,风月,0.033250324436182525,2,60.14978902953587,2,0.0002762048767169472,16.390119233289035,9.205584133649893,0.005574316602832934
Late Ming (1592-1598),倭,计无所出,0.033250324436182525,2,60.14978902953587,2,0.0002762048767169472,16.390119233289035,9.205584133649893,0.005574316602832934
Late Ming (1592-1598),倭,柘林,0.04987548665427379,2,40.09985935302391,3,0.0008194434306167135,12.604517477385174,9.192645077942394,0.0113697775998069
Late Ming (1592-1598),倭,祖承训,0.04987548665427379,2,40.09985935302391,3,0.0008194434306167135,12.604517477385174,9.192645077942394,0.0113697775998069
Late Ming (1592-1598),倭,如约,0.04987548665427379,2,40.09985935302391,3,0.0008194434306167135,12.604517477385174,9.192645077942394,0.0113697775998069
Late Ming (1592-1598),倭,退守,0.04987548665427379,2,40.09985935302391,3,0.0008194434306167135,12.604517477385174,9.192645077942394,0.0113697775998069
Late Ming (1592-1598),倭,退保,0.06650064887236505,2,30.074894514767934,4,0.0016207726971630633,10.911908691300876,9.179821037584812,0.019989529931677782
