phase,target,collocate,exp_local,obs_local,ratio_local,obs_global,p_value,log_likelihood,log_dice,adjusted_p_value,log10_p_value,log10_adjusted_p_value,a_target_and_collocate,b_target_without_collocate,c_collocate_without_target,d_neither
Early Ming (1368-1522),倭,海上,0.03313683769925704,11,331.95684210526315,30,0.000000000000000000000000087930413695642972806397798186366279555321120080855,111.71492772011977,11.493647333975211,0.000000000000000000000022861907563440524369809316419752389673394077885875,-25.05586088351641,-22.64088753554559,11,84,19,85893
Early Ming (1368-1522),倭,沿海,0.023195786389479927,6,258.66766917293234,21,0.000000000000082796153300623845965842093441500776243316627453788,56.99019565129112,10.726981505593585,0.000000000010763499930141320693571017194960005931695533446504,-13.081989839973307,-10.96804648766647,6,89,15,85897
Early Ming (1368-1522),倭,登岸,0.006627367539851408,3,452.6684210526316,6,0.000000026045487605151846531589707962823225735128353824796,32.63414361951697,9.926751017969362,0.0000022572755926562673725204862950068056679490467463076,-7.584267507561455,-5.646415414310299,3,92,3,85909
Early Ming (1368-1522),倭,出海,0.009941051309777111,3,301.77894736842103,9,0.00000010912801618228713002269723035962381585258792144926,29.501076834580566,9.884522782580063,0.0000070933210517687631459631636570460785544203663183216,-6.962063739687863,-5.149150383045008,3,92,6,85906
Early Ming (1368-1522),倭,大江南北,0.003313683769925704,2,603.5578947368421,3,0.0000036190699201897687722360887412733997934125458476260,23.458664521192972,9.385290155884793,0.00015682636320903497049140747385562074987227514168471,-5.44140302626804,-3.804580928680866,2,93,1,85911
Early Ming (1368-1522),倭,望海埚,0.007731928796493309,2,258.66766917293234,7,0.000025260532775961711908701299384978972634970504129749,18.91063093319602,9.327574658028505,0.00072974872471943760385599591167650841385357072289139,-4.597557493826967,-3.136826655295474,2,93,5,85907
Early Ming (1368-1522),倭,濒海,0.011045612566419012,2,181.06736842105263,10,0.000054012790190385186566697010678585399588839188033890,17.28484869876785,9.285754482333878,0.0014043325449451785604805709920182300576800108140796,-4.267503387375207,-2.8525300394043893,2,93,8,85904
Early Ming (1368-1522),倭,海滨,0.013254735079702816,2,150.88947368421051,12,0.000079104663444631948685639026032691772554024123107461,16.483756280097847,9.258533013598854,0.0018697465905089390315117938039324231637950152762800,-4.101797912854279,-2.728217250041686,2,93,10,85902
Early Ming (1368-1522),倭,海舟,0.014359296336344717,2,139.28259109311742,13,0.000093419990550061572701359311884210336097334236124593,16.136990822119696,9.245112497836532,0.0020240997953017608439048254421755594064585705375266,-4.029560180968655,-2.693768079045462,2,93,11,85901
Early Ming (1368-1522),倭,互市,0.01877754136291232,2,106.51021671826626,17,0.00016241743194731136315429175388070769116091725300081,14.992887099237208,9.192645077942394,0.0032483486395381715508314422538521081417733331090016,-3.789367360531448,-2.4883373648674674,2,93,15,85897
Early Ming (1368-1522),倭,运粮,0.029823153929331332,2,67.06198830409357,27,0.00041617302433491377163251260616039762969101882997351,13.070878629895844,9.069262662437115,0.0077289275953001375201800697693335807366241483284402,-3.3807260734522857,-2.111880761159706,2,93,25,85887
Early Ming (1368-1522),倭,海道,0.03203227644261514,2,62.43702359346642,29,0.00048069296588557049867811290279701050686051491859815,12.77863975533452,9.045803689613125,0.0078993190882849406837545424043294399424250433179976,-3.318132232975095,-2.102410342753272,2,93,27,85885
Early Ming (1368-1522),倭,复职,0.039764205239108445,2,50.296491228070174,36,0.00074215620564581529504292002622773607136103381106936,11.900911457304755,8.96657699846255,0.0082053121924540780203139211042729832896697240329475,-3.129504676777224,-2.085904890432856,2,93,34,85878
Early Ming (1368-1522),倭,青州,0.040868766495750344,2,48.93712660028449,37,0.00078400111954250597453129726762093168965343352591603,11.790362824752943,8.955605880641546,0.0082053121924540780203139211042729832896697240329475,-3.105683317175528,-2.085904890432856,2,93,35,85877
Early Ming (1368-1522),倭,福建,0.2805585591870429,5,17.821591380024866,254,0.000010073176775745899389756664356058260536750547593330,19.69297440781795,8.87484486867771,0.00032737824518194145098590305398661906173022076388054,-4.996833544520387,-3.484950183541512,5,90,249,85663
Early Ming (1368-1522),倭,出没,0.05633262408873696,2,35.50340557275542,51,0.0014858769918836785587920288490837511730834729950890,10.506407233346923,8.810175441119982,0.010731333829280483435676300018158076108412402049739,-2.8280171421346028,-1.9693462949310723,2,93,49,85863
Early Ming (1368-1522),倭,浙江,0.38770100108130734,6,15.475843454790823,351,0.0000028337929656412955914823609696762745043178997992915,22.077154734499338,8.784062600800851,0.00014735723421809991737920445006394308079573073426178,-5.54763188207878,-3.8316285384439808,6,89,345,85567
Early Ming (1368-1522),倭,甲戌,0.0972013905844873,2,20.575837320574163,88,0.0043443043972955020159106913890283402183240069237267,8.370812982232746,8.484300161715957,0.017919715470821338057002538525922290317798539752770,-2.3620797520708128,-1.7466688903453917,2,93,86,85826
Early Ming (1368-1522),倭,巡视,0.10493331938098062,2,19.05972299168975,95,0.0050418914204893485010856339909587233121452160146177,8.076416330157077,8.430144391669053,0.019899919943121180283093215693989575491388203259015,-2.2974065112965727,-1.7011486707425871,2,93,93,85819
Early Ming (1368-1522),倭,海捕,0.0011045612566419013,1,905.3368421052631,1,0.0011045612566419012405966956177985512807097096747939,13.627165970185318,8.415037499278844,0.0082053121924540780203139211042729832896697240329475,-2.956810194053398,-2.085904890432856,1,94,0,85912
Middle Ming (1523-1567),倭,东南,1.0357788856046235,13,12.55094130675526,91,0.000000000034666161778549880302001355246600362003233416574273,44.08530223499693,10.25335649193144,0.000000010035853834123983293912386020982978900482861191288,-10.460094240599803,-7.998445672536349,13,245,78,22331
Middle Ming (1523-1567),倭,江北,0.31870119557065335,10,31.377353266888154,28,0.00000000000033597821886116977857955975245647590020967988460142,53.800421752396495,10.162056758108973,0.00000000019453138871521017949089789138845596934097106238691,-12.4736888765955,-9.711010312868064,10,248,18,22391
Middle Ming (1523-1567),倭,官军,0.9674857722680549,11,11.36967624259006,85,0.0000000034069300662439910776648471492778636374256527659236,35.065662384683634,10.037366852464485,0.00000049315312707536477070920828381640665249398962281083,-8.467636781077386,-6.307018208677913,11,247,74,22335
Middle Ming (1523-1567),倭,福建,1.0471610711607182,9,8.594666329625884,92,0.0000010641823826749499379764732889931239434342422795917,23.783025935136095,9.718713889609983,0.000068889474754347853413109119939965659034748011776665,-5.972983935018016,-4.161847126499964,9,249,83,22326
Middle Ming (1523-1567),倭,柘林,0.13658622667313716,6,43.92829457364341,12,0.0000000017903409898653187183588362018016319351174808560146,37.3461889404214,9.508146903670326,0.00000034553581103588717675167972462590238697702122580989,-8.747064245056388,-6.461506936048615,6,252,6,22403
Middle Ming (1523-1567),倭,戚继光,0.2162615255658005,6,27.74418604651163,19,0.000000049166856772996688589671674491728781297565354960628,30.43946111958659,9.471220334671969,0.0000047446016783385682371508603027299379798785528041916,-7.308327555202359,-5.323800241858567,6,252,13,22396
Middle Ming (1523-1567),倭,胡宗宪,0.26179026779017955,6,22.919110212335692,23,0.00000017607030614124148622609689653863982426301374511021,27.825500159747534,9.45053618050023,0.000014563529607417866373800405472357856070048611750542,-6.754313880655469,-4.83673335694229,6,252,17,22392
Middle Ming (1523-1567),倭,江南,0.35284775223893766,6,17.00450112528132,31,0.0000011898009457100131185898827891734095475447973941975,23.944655398690262,9.410036818220476,0.000068889474754347853413109119939965659034748011776665,-5.9245256902274,-4.161847126499964,6,252,25,22384
Middle Ming (1523-1567),倭,总兵,3.13010102792606,11,3.514263565891473,275,0.00033399784461892551112564960845613822968901856748748,12.388850313435604,9.40143989587812,0.0054264682340300987009342416977375958618038757060754,-3.4762563358051137,-2.26548273496035,11,247,264,22145
Middle Ming (1523-1567),倭,五月,0.9561035867119602,7,7.321382428940568,84,0.000049001949000159700547138839962874001209610100038434,16.37921866119479,9.389502407171706,0.0011422605963385810247213999624822927472672276106589,-4.3097866460533005,-2.942234804460676,7,251,77,22332
Middle Ming (1523-1567),倭,通州,0.5349627211364538,6,11.215734784760022,47,0.000014898806692200251766482922287853873055888485726614,18.865477648065088,9.332297068270908,0.00050743582792723723963094725284115159300684216375116,-4.826848514659005,-3.294618872309843,6,252,41,22368
Middle Ming (1523-1567),倭,浙江,1.149600741165571,7,6.089070534960473,101,0.00015797229857776793462404704492774787545271944913055,14.075635108273758,9.319514888234552,0.0027716957839678603058746229255184090758273290470766,-3.8014190626263678,-2.5572544387768192,7,251,94,22315
Middle Ming (1523-1567),倭,朝鲜,0.11382185556094764,5,43.92829457364341,10,0.000000044208058103912818504538433769315036431455842907527,31.102823819460525,9.25583890442959,0.0000047446016783385682371508603027299379798785528041916,-7.354498561633298,-5.323800241858567,5,253,5,22404
Middle Ming (1523-1567),倭,指挥,1.5593594211849826,7,4.4890228031460415,137,0.0010000752716756833942214028263484011984251388988929,10.480728614610587,9.18164607899314,0.011580871645657248829835908652993756287419540560900,-2.9999673111698826,-1.9362587517784653,7,251,130,22279
Middle Ming (1523-1567),倭,巡抚,4.143115542418494,11,2.6550068148905357,364,0.0031818028018062935886861518651840715138897038485549,8.088594867684176,9.178660848506695,0.029713932616546208470607404556478873702958972570108,-2.4973267400747967,-1.5270398658456146,11,247,353,22056
Middle Ming (1523-1567),倭,俞大猷,0.29593682445846387,5,16.89549791293977,26,0.0000099411512259580127314100911011452025030813089140016,19.868535516812244,9.17218097538268,0.00041113761140793535649516197850061758259125842607803,-5.002563319622649,-3.3860127915734504,5,253,21,22388
Middle Ming (1523-1567),倭,三十四年,0.3414655666828429,5,14.642764857881136,30,0.000020750354187700046206667584169176187448366404814752,18.3814680077235,9.15200309344505,0.00066746972634942826815691771810598888368818616259819,-4.682974485932158,-3.1755684273080282,5,253,25,22384
Middle Ming (1523-1567),倭,苏州,0.3756121233511272,5,13.311604416255578,33,0.000033608845293199514526023350572464504228483927148719,17.410913577973353,9.137052751979079,0.00088452370108574800272972640287187584301955565697513,-4.473546408448805,-3.0532905255435754,5,253,28,22381
Middle Ming (1523-1567),倭,入寇,0.42114086557550623,5,11.872512046930652,37,0.000059477318198319978157103615874973193072957138315693,16.26606682762157,9.117356950638158,0.0013245141244630588843133173802523539350522665074141,-4.225648621833328,-2.8779434060767093,5,253,32,22377
Middle Ming (1523-1567),倭,浙东,0.09105748444875811,4,43.92829457364341,8,0.0000011074695119382493342385255045809924987086968089937,24.867100035433747,8.94471756449881,0.000068889474754347853413109119939965659034748011776665,-5.9556682208380485,-4.161847126499964,4,254,4,22405
Late Ming (1568-1644),倭,朝鲜,0.806222647199441,34,42.17197336009488,194,0.0000000000000000000000000000000000000000000044038822943048780674182485326454764315839802873596,199.28609752809078,11.373217323584218,0.0000000000000000000000000000000000000000025674633779288222226425225406085705425403118071958,-44.35616429718371,-41.59049574242469,34,192,160,53996
Late Ming (1568-1644),倭,釜山,0.09142731050715311,15,164.06476267095735,22,0.00000000000000000000000000000019731474599190454354769065335850307812390550147165,138.04465357421944,10.952694285221643,0.000000000000000000000000000057517248456102254137891571904090182789402274795882,-30.704840457257657,-28.240201898162624,15,211,7,54149
Late Ming (1568-1644),倭,沈惟敬,0.07064837630098195,8,113.2368558042686,17,0.0000000000000018487156840834072570187409991206574059513112762338,64.58163797776263,10.07518749639422,0.00000000000035926708124305013347095829153486307099637714670934,-14.733129874344437,-12.444582574305086,8,218,9,54147
Late Ming (1568-1644),倭,平壤,0.10805045787209003,8,74.03948264125255,26,0.00000000000011505176694074753938104267563503378394887682831797,56.06554248558975,10.022720076500082,0.000000000016768795031560044758995189831481036283384047344062,-12.93910670714255,-10.775498143711498,8,218,18,54138
Late Ming (1568-1644),倭,行长,0.13714096576072965,6,43.750603378921966,33,0.0000000048600763773300717554156598533376496829257029890263,34.8848823915442,9.568154213034603,0.00000047223742140366607773697234502118154773219916127561,-8.313356905569178,-6.325839601193808,6,220,27,54129
Late Ming (1568-1644),倭,蔚山,0.03740208157110809,5,133.68239921337266,9,0.00000000014739356352248654622319793532619185997679261952180,42.61079245183556,9.445411148322362,0.000000017186089506952246330913767501347404850926490666169,-9.831521481109547,-7.764822930686552,5,221,4,54152
Late Ming (1568-1644),倭,汉江,0.07064837630098195,5,70.77303487766788,17,0.0000000070449581304281664918515283725096164921642973075168,34.444155454761514,9.397115591281581,0.00000058674436998078280684940033575156633649511599069185,-8.152121583662895,-6.231551068918138,5,221,12,54144
Late Ming (1568-1644),倭,王子,0.0789599499834504,5,63.32324173265021,19,0.000000013148898687454995497873826378363536988039875938784,33.1568674808544,9.385290155884793,0.00000095822599181509205419884931648571838082358878917612,-7.881110620876782,-6.018532053109711,5,221,14,54142
Late Ming (1568-1644),倭,斩获,0.16623147364936927,5,30.07853982300885,40,0.00000069300377711536650311464290448885437247032220729450,25.087073682747928,9.266645659386173,0.000031078554004760479523412216289678569677291260486035,-6.159264398319516,-4.507539195867339,5,221,35,54121
Late Ming (1568-1644),倭,福建,0.6607701077562429,7,10.593699560305003,159,0.0000050918116716774381860526466204438990920980725458844,20.803199944438283,9.21864028647534,0.00015623822126642130839449579331052205665741782322338,-5.293127667833705,-3.8062127140275197,7,219,152,54004
Late Ming (1568-1644),倭,晋州,0.04155786841234232,4,96.25132743362832,10,0.000000059809270651690584644271457188069665605565758632627,30.52581167379354,9.117356950638158,0.0000038743116434188141473713417524144646317721856257187,-7.2232314935794735,-5.411805448259784,4,222,6,54150
Late Ming (1568-1644),倭,平秀吉,0.045713655253576554,4,87.50120675784392,11,0.000000093679259706675209863817272103321101607733299714095,29.5736287475925,9.111256751101742,0.0000054615008412858777069441186181937222269512725865051,-7.028356549870956,-5.262687995111943,4,222,7,54149
Late Ming (1568-1644),倭,关白,0.06649258945974772,4,60.15707964601769,16,0.00000050828231006766903472991120213162371482823507968388,26.040419205134786,9.081136762725405,0.000024694048896455728104388128991332103992291691216918,-6.2938950049591345,-4.607407696247745,4,222,12,54144
Late Ming (1568-1644),倭,李如松,0.07480416314221618,4,53.47295968534907,18,0.00000084901994043703844633538826422517512912097748100178,24.98208814646585,9.069262662437115,0.000035355616088802189899200376582124331773327197416607,-6.071082109642309,-4.451541590561533,4,222,14,54142
Late Ming (1568-1644),倭,清正,0.0789599499834504,4,50.65859338612017,19,0.0000010719188849035940332253921143176582203564275090185,24.502874992316052,9.06336206099743,0.000041661913993989618031333326409750869742699577482939,-5.969838077668807,-4.3802607819654735,4,222,15,54141
Late Ming (1568-1644),倭,官军,0.7771321393108014,6,7.720694713927405,187,0.00014122219120020996417688216791690842050415557711403,14.35155749160316,8.89496452930171,0.0023523582131891258804873832137184778878678040984783,-3.850097054328698,-2.6284965439199595,6,220,181,53975
Late Ming (1568-1644),倭,中国,0.21194512890294584,4,18.872809300711435,51,0.000062266079614190022547473211684429595516245821030491,16.279676785492175,8.886257833950811,0.0011710040132501797919452897949976244924141304041285,-4.205748477441259,-2.9314416165165174,4,222,47,54109
Late Ming (1568-1644),倭,总兵,3.3911220624471334,15,4.423314679854243,816,0.0000020345001122326162406752942731979203945657976509475,22.174290476086288,8.88175103333001,0.000074132097833372091632293929892024061551889996743895,-5.691542281888723,-4.129993709785634,15,211,801,53355
Late Ming (1568-1644),倭,指挥,0.9350520392777022,6,6.416755162241888,225,0.00038134453561127529643928949467824848701456578571941,12.407743639457612,8.767978877465776,0.0055580966060958373686874646724333878699090322502525,-3.4186824723877334,-2.255073908956682,6,220,219,53937
Late Ming (1568-1644),倭,小西飞,0.01662314736493693,3,180.4712389380531,4,0.00000028243571157413750666083593024645503196829182398995,28.44889335293596,8.73947244977678,0.000014969092713885140109549170606134277271199966257278,-6.549080391321473,-4.824804521720684,3,223,1,54155
