phase,year,method,horizon,collocate,match_number,corpus_line,juan,title,left,node,right,context,target,exp_local,obs_local,ratio_local,obs_global,p_value,log_likelihood,log_dice,adjusted_p_value
Early Ming (1368-1522),1449,window_h5,5,海上,1,45728,92,卷九十二,世宗时，苦,倭,甚，故海上功,世宗时，苦倭甚，故海上功,倭,0.01147859240525682,7,609.8308706208811,31,0.0,77.6231205650383,11.268196110949573,0.0
Early Ming (1368-1522),1385,window_h5,5,海上,2,53567,126,卷一百二十六,鸣谦曰：「,倭,海上来，则海上,鸣谦曰：「倭海上来，则海上,倭,0.01147859240525682,7,609.8308706208811,31,0.0,77.6231205650383,11.268196110949573,0.0
Early Ming (1368-1522),1368,window_h5,5,海上,3,55515,130,卷一百三十,海上久，所捕,倭,不可胜计。,海上久，所捕倭不可胜计。,倭,0.01147859240525682,7,609.8308706208811,31,0.0,77.6231205650383,11.268196110949573,0.0
Early Ming (1368-1522),1410,window_h5,5,海上,4,62726,146,卷一百四十六,,倭,数掠海上，友,倭数掠海上，友,倭,0.01147859240525682,7,609.8308706208811,31,0.0,77.6231205650383,11.268196110949573,0.0
Early Ming (1368-1522),1410,window_h5,5,海上,5,66344,155,卷一百五十五,,倭,数寇海上，北,倭数寇海上，北,倭,0.01147859240525682,7,609.8308706208811,31,0.0,77.6231205650383,11.268196110949573,0.0
Early Ming (1368-1522),1403,window_h5,5,海上,6,163945,322,卷三百二十二,时海上复以,倭,警告，再遣官,时海上复以倭警告，再遣官,倭,0.01147859240525682,7,609.8308706208811,31,0.0,77.6231205650383,11.268196110949573,0.0
Early Ming (1368-1522),1368,window_h5,5,出海,1,54784,129,卷一百二十九,督舟师出海捕,倭,，寻还京。,督舟师出海捕倭，寻还京。,倭,0.0033324945692681093,2,600.1510155316607,9,4.915932329652151e-06,22.084097151886375,9.850252880495319,0.000228590853328825
Early Ming (1368-1522),1377,window_h5,5,出海,2,56763,133,卷一百三十三,七年出海捕,倭,，深入外洋，溺死,七年出海捕倭，深入外洋，溺死,倭,0.0033324945692681093,2,600.1510155316607,9,4.915932329652151e-06,22.084097151886375,9.850252880495319,0.000228590853328825
Early Ming (1368-1522),1370,window_h5,5,出海,3,163888,322,卷三百二十二,为总兵官，出海巡,倭,，倭寇莱、登,为总兵官，出海巡倭，倭寇莱、登,倭,0.0033324945692681093,2,600.1510155316607,9,4.915932329652151e-06,22.084097151886375,9.850252880495319,0.000228590853328825
Early Ming (1368-1522),1408,window_h5,5,沿海,1,1809,6,卷六,师分道沿海捕,倭,。,师分道沿海捕倭。,倭,0.007775820661625589,2,257.2075780849974,21,2.859587380044104e-05,18.41898644834848,9.624960568653076,0.0008864720878136723
Early Ming (1368-1522),1410,window_h5,5,沿海,2,62725,146,卷一百四十六,帅舟师沿海捕,倭,。,帅舟师沿海捕倭。,倭,0.007775820661625589,2,257.2075780849974,21,2.859587380044104e-05,18.41898644834848,9.624960568653076,0.0008864720878136723
Early Ming (1368-1522),1419,window_h10,10,海上,1,45384,91,卷九十一,自是,倭,大惧，百余年间，海上无大侵犯,自是倭大惧，百余年间，海上无大侵犯,倭,0.018069526108920417,8,442.73435572007753,31,0.0,83.87107045690922,11.460841188891969,0.0
Early Ming (1368-1522),1449,window_h10,10,海上,2,45728,92,卷九十二,世宗时，苦,倭,甚，故海上功比北边尤为最。,世宗时，苦倭甚，故海上功比北边尤为最。,倭,0.018069526108920417,8,442.73435572007753,31,0.0,83.87107045690922,11.460841188891969,0.0
Early Ming (1368-1522),1385,window_h10,10,海上,3,53567,126,卷一百二十六,鸣谦曰：「,倭,海上来，则海上御之耳。,鸣谦曰：「倭海上来，则海上御之耳。,倭,0.018069526108920417,8,442.73435572007753,31,0.0,83.87107045690922,11.460841188891969,0.0
Early Ming (1368-1522),1368,window_h10,10,海上,4,55515,130,卷一百三十,赫在海上久，所捕,倭,不可胜计。,赫在海上久，所捕倭不可胜计。,倭,0.018069526108920417,8,442.73435572007753,31,0.0,83.87107045690922,11.460841188891969,0.0
Early Ming (1368-1522),1410,window_h10,10,海上,5,62726,146,卷一百四十六,,倭,数掠海上，友无功，帝切责,倭数掠海上，友无功，帝切责,倭,0.018069526108920417,8,442.73435572007753,31,0.0,83.87107045690922,11.460841188891969,0.0
Early Ming (1368-1522),1410,window_h10,10,海上,6,66344,155,卷一百五十五,,倭,数寇海上，北抵辽，南讫,倭数寇海上，北抵辽，南讫,倭,0.018069526108920417,8,442.73435572007753,31,0.0,83.87107045690922,11.460841188891969,0.0
Early Ming (1368-1522),1403,window_h10,10,海上,7,163945,322,卷三百二十二,时海上复以,倭,警告，再遣官谕义持剿捕。,时海上复以倭警告，再遣官谕义持剿捕。,倭,0.018069526108920417,8,442.73435572007753,31,0.0,83.87107045690922,11.460841188891969,0.0
Early Ming (1368-1522),1368,window_h10,10,出海,1,54784,129,卷一百二十九,六年督舟师出海捕,倭,，寻还京。,六年督舟师出海捕倭，寻还京。,倭,0.005245991450976895,2,381.2434729811779,9,1.2180887289492404e-05,20.268957650689874,9.850252880495319,0.0005237781534481734
Early Ming (1368-1522),1377,window_h10,10,出海,2,56763,133,卷一百三十三,七年出海捕,倭,，深入外洋，溺死。,七年出海捕倭，深入外洋，溺死。,倭,0.005245991450976895,2,381.2434729811779,9,1.2180887289492404e-05,20.268957650689874,9.850252880495319,0.0005237781534481734
Early Ming (1368-1522),1370,window_h10,10,出海,3,163888,322,卷三百二十二,六年以于显为总兵官，出海巡,倭,，倭寇莱、登。,六年以于显为总兵官，出海巡倭，倭寇莱、登。,倭,0.005245991450976895,2,381.2434729811779,9,1.2180887289492404e-05,20.268957650689874,9.850252880495319,0.0005237781534481734
Early Ming (1368-1522),1408,window_h10,10,沿海,1,1809,6,卷六,李彬等率舟师分道沿海捕,倭,。,李彬等率舟师分道沿海捕倭。,倭,0.012240646718946088,2,163.39005984907624,21,7.073011358860182e-05,16.608952091730632,9.624960568653076,0.0022810461632324086
Early Ming (1368-1522),1410,window_h10,10,沿海,2,62725,146,卷一百四十六,明年充总兵官，帅舟师沿海捕,倭,。,明年充总兵官，帅舟师沿海捕倭。,倭,0.012240646718946088,2,163.39005984907624,21,7.073011358860182e-05,16.608952091730632,9.624960568653076,0.0022810461632324086
Early Ming (1368-1522),1419,sentence,Sentence,海上,1,45384,91,卷九十一,自是,倭,大惧，百余年间，海上无大侵犯。,自是倭大惧，百余年间，海上无大侵犯。,倭,0.02092852907321497,9,430.035,30,0.0,95.61629653004334,11.678071905112638,0.0
Early Ming (1368-1522),1449,sentence,Sentence,海上,2,45728,92,卷九十二,世宗时，苦,倭,甚，故海上功比北边尤为最。,世宗时，苦倭甚，故海上功比北边尤为最。,倭,0.02092852907321497,9,430.035,30,0.0,95.61629653004334,11.678071905112638,0.0
Early Ming (1368-1522),1385,sentence,Sentence,海上,3,53567,126,卷一百二十六,鸣谦曰：「,倭,海上来，则海上御之耳。,鸣谦曰：「倭海上来，则海上御之耳。,倭,0.02092852907321497,9,430.035,30,0.0,95.61629653004334,11.678071905112638,0.0
Early Ming (1368-1522),1368,sentence,Sentence,海上,4,55515,130,卷一百三十,赫在海上久，所捕,倭,不可胜计。,赫在海上久，所捕倭不可胜计。,倭,0.02092852907321497,9,430.035,30,0.0,95.61629653004334,11.678071905112638,0.0
Early Ming (1368-1522),1374,sentence,Sentence,海上,5,55698,131,卷一百三十一,七年，海上有警，复充总兵官，同都督佥事于显总江阴四卫舟师出捕,倭,。,七年，海上有警，复充总兵官，同都督佥事于显总江阴四卫舟师出捕倭。,倭,0.02092852907321497,9,430.035,30,0.0,95.61629653004334,11.678071905112638,0.0
Early Ming (1368-1522),1410,sentence,Sentence,海上,6,62726,146,卷一百四十六,,倭,数掠海上，友无功，帝切责之。,倭数掠海上，友无功，帝切责之。,倭,0.02092852907321497,9,430.035,30,0.0,95.61629653004334,11.678071905112638,0.0
Early Ming (1368-1522),1410,sentence,Sentence,海上,7,66344,155,卷一百五十五,,倭,数寇海上，北抵辽，南讫浙、闽，濒海郡邑多被害。,倭数寇海上，北抵辽，南讫浙、闽，濒海郡邑多被害。,倭,0.02092852907321497,9,430.035,30,0.0,95.61629653004334,11.678071905112638,0.0
Early Ming (1368-1522),1403,sentence,Sentence,海上,8,163945,322,卷三百二十二,时海上复以,倭,警告，再遣官谕义持剿捕。,时海上复以倭警告，再遣官谕义持剿捕。,倭,0.02092852907321497,9,430.035,30,0.0,95.61629653004334,11.678071905112638,0.0
Early Ming (1368-1522),1443,sentence,Sentence,海上,9,163978,322,卷三百二十二,俄,倭,去，二人留村中丐食，被获，置极刑，枭其首于海上。,俄倭去，二人留村中丐食，被获，置极刑，枭其首于海上。,倭,0.02092852907321497,9,430.035,30,0.0,95.61629653004334,11.678071905112638,0.0
Early Ming (1368-1522),1368,sentence,Sentence,出海,1,54784,129,卷一百二十九,六年督舟师出海捕,倭,，寻还京。,六年督舟师出海捕倭，寻还京。,倭,0.006278558721964491,2,318.5444444444445,9,1.7174331557900935e-05,19.61346441557054,9.89147554322183,0.0007084411767634136
Early Ming (1368-1522),1377,sentence,Sentence,出海,2,56763,133,卷一百三十三,七年出海捕,倭,，深入外洋，溺死。,七年出海捕倭，深入外洋，溺死。,倭,0.006278558721964491,2,318.5444444444445,9,1.7174331557900935e-05,19.61346441557054,9.89147554322183,0.0007084411767634136
Early Ming (1368-1522),1370,sentence,Sentence,出海,3,163888,322,卷三百二十二,六年以于显为总兵官，出海巡,倭,，倭寇莱、登。,六年以于显为总兵官，出海巡倭，倭寇莱、登。,倭,0.006278558721964491,2,318.5444444444445,9,1.7174331557900935e-05,19.61346441557054,9.89147554322183,0.0007084411767634136
Early Ming (1368-1522),1408,sentence,Sentence,沿海,1,1809,6,卷六,是月，柳升、陈瑄、李彬等率舟师分道沿海捕,倭,。,是月，柳升、陈瑄、李彬等率舟师分道沿海捕倭。,倭,0.01464997035125048,2,136.51904761904763,21,9.964400123396722e-05,15.95569655869395,9.660149997115376,0.0027402100339340985
Early Ming (1368-1522),1410,sentence,Sentence,沿海,2,62725,146,卷一百四十六,明年充总兵官，帅舟师沿海捕,倭,。,明年充总兵官，帅舟师沿海捕倭。,倭,0.01464997035125048,2,136.51904761904763,21,9.964400123396722e-05,15.95569655869395,9.660149997115376,0.0027402100339340985
Middle Ming (1523-1567),1559,window_h5,5,江北,1,4653,18,卷十八,，刘景韶破,倭,于庙湾，江北倭,，刘景韶破倭于庙湾，江北倭,倭,0.13382446183897392,8,59.779803259183716,29,0.0,52.12683324935148,10.01700642530569,0.0
Middle Ming (1523-1567),1559,window_h5,5,江北,2,4653,18,卷十八,倭于庙湾，江北,倭,平。,倭于庙湾，江北倭平。,倭,0.13382446183897392,8,59.779803259183716,29,0.0,52.12683324935148,10.01700642530569,0.0
Middle Ming (1523-1567),1553,window_h5,5,江北,3,45467,91,卷九十一,时江北俱被,倭,，于是量调九江,时江北俱被倭，于是量调九江,倭,0.13382446183897392,8,59.779803259183716,29,0.0,52.12683324935148,10.01700642530569,0.0
Middle Ming (1523-1567),1557,window_h5,5,江北,4,96464,205,卷二百〇五,三十六年，,倭,扰江北。,三十六年，倭扰江北。,倭,0.13382446183897392,8,59.779803259183716,29,0.0,52.12683324935148,10.01700642530569,0.0
Middle Ming (1523-1567),1559,window_h5,5,江北,5,96485,205,卷二百〇五,至虾子港，江北,倭,悉平。,至虾子港，江北倭悉平。,倭,0.13382446183897392,8,59.779803259183716,29,0.0,52.12683324935148,10.01700642530569,0.0
Middle Ming (1523-1567),1555,window_h5,5,江北,6,101572,212,卷二百十二,,倭,犯江北，逼泗州,倭犯江北，逼泗州,倭,0.13382446183897392,8,59.779803259183716,29,0.0,52.12683324935148,10.01700642530569,0.0
Middle Ming (1523-1567),1555,window_h5,5,江北,7,101584,212,卷二百十二,三沙,倭,复劫江北，被,三沙倭复劫江北，被,倭,0.13382446183897392,8,59.779803259183716,29,0.0,52.12683324935148,10.01700642530569,0.0
Middle Ming (1523-1567),1562,window_h5,5,江北,8,101608,212,卷二百十二,江北,倭,未平，廷议,江北倭未平，廷议,倭,0.13382446183897392,8,59.779803259183716,29,0.0,52.12683324935148,10.01700642530569,0.0
Middle Ming (1523-1567),1554,window_h5,5,江北,9,164153,322,卷三百二十二,略平，而江北,倭,则犯丹阳及掠,略平，而江北倭则犯丹阳及掠,倭,0.13382446183897392,8,59.779803259183716,29,0.0,52.12683324935148,10.01700642530569,0.0
Middle Ming (1523-1567),1558,window_h5,5,东南,1,39367,78,卷七十八,是时，东南被,倭,，南畿、浙,是时，东南被倭，南畿、浙,倭,0.41993193197746986,6,14.288029899859845,91,4.564302182874513e-06,21.123267680248464,9.285754482333878,0.00013490048673829116
Middle Ming (1523-1567),1550,window_h5,5,东南,2,94221,202,卷二百〇二,西北边数遭寇，东南,倭,又起，羽书日数,西北边数遭寇，东南倭又起，羽书日数,倭,0.41993193197746986,6,14.288029899859845,91,4.564302182874513e-06,21.123267680248464,9.285754482333878,0.00013490048673829116
Middle Ming (1523-1567),1536,window_h5,5,东南,3,94916,203,卷二百〇三,时,倭,躏东南，楷积,时倭躏东南，楷积,倭,0.41993193197746986,6,14.288029899859845,91,4.564302182874513e-06,21.123267680248464,9.285754482333878,0.00013490048673829116
Middle Ming (1523-1567),1554,window_h5,5,东南,4,96103,205,卷二百〇五,东南民既苦,倭,，复苦兵矣,东南民既苦倭，复苦兵矣,倭,0.41993193197746986,6,14.288029899859845,91,4.564302182874513e-06,21.123267680248464,9.285754482333878,0.00013490048673829116
Middle Ming (1523-1567),1523,window_h5,5,东南,5,101949,213,卷二百十三,,倭,躏东南，帝数,倭躏东南，帝数,倭,0.41993193197746986,6,14.288029899859845,91,4.564302182874513e-06,21.123267680248464,9.285754482333878,0.00013490048673829116
Middle Ming (1523-1567),1554,window_h5,5,东南,6,157168,310,卷三百一十,，斩获一千九百余级，,倭,为夺气，盖东南,，斩获一千九百余级，倭为夺气，盖东南,倭,0.41993193197746986,6,14.288029899859845,91,4.564302182874513e-06,21.123267680248464,9.285754482333878,0.00013490048673829116
Middle Ming (1523-1567),1554,window_h5,5,官军,1,4578,18,卷十八,戊辰，官军围,倭,于南沙，五阅月,戊辰，官军围倭于南沙，五阅月,倭,0.39685874890178474,5,12.59894109386866,86,5.313656544070344e-05,16.39506160354454,9.045803689613125,0.0010095947433733654
Middle Ming (1523-1567),1554,window_h5,5,官军,2,4587,18,卷十八,秋八月癸未，,倭,犯嘉定，官军败,秋八月癸未，倭犯嘉定，官军败,倭,0.39685874890178474,5,12.59894109386866,86,5.313656544070344e-05,16.39506160354454,9.045803689613125,0.0010095947433733654
Middle Ming (1523-1567),1554,window_h5,5,官军,3,96120,205,卷二百〇五,,倭,据陶宅，官军,倭据陶宅，官军,倭,0.39685874890178474,5,12.59894109386866,86,5.313656544070344e-05,16.39506160354454,9.045803689613125,0.0010095947433733654
Middle Ming (1523-1567),1554,window_h5,5,官军,4,164164,322,卷三百二十二,官军颇有备，,倭,虽横，亦多,官军颇有备，倭虽横，亦多,倭,0.39685874890178474,5,12.59894109386866,86,5.313656544070344e-05,16.39506160354454,9.045803689613125,0.0010095947433733654
Middle Ming (1523-1567),1535,window_h5,5,官军,5,165883,325,卷三百二十五,番人又潜匿,倭,贼，敌杀官军,番人又潜匿倭贼，敌杀官军,倭,0.39685874890178474,5,12.59894109386866,86,5.313656544070344e-05,16.39506160354454,9.045803689613125,0.0010095947433733654
Middle Ming (1523-1567),1559,window_h10,10,江北,1,4653,18,卷十八,甲午，刘景韶破,倭,于庙湾，江北倭平。,甲午，刘景韶破倭于庙湾，江北倭平。,倭,0.20852869007440852,9,43.159528776537,29,8.815983498777769e-10,53.22520145413711,10.186931426748002,3.314809795540441e-07
Middle Ming (1523-1567),1559,window_h10,10,江北,2,4653,18,卷十八,，刘景韶破倭于庙湾，江北,倭,平。,，刘景韶破倭于庙湾，江北倭平。,倭,0.20852869007440852,9,43.159528776537,29,8.815983498777769e-10,53.22520145413711,10.186931426748002,3.314809795540441e-07
Middle Ming (1523-1567),1553,window_h10,10,江北,3,45467,91,卷九十一,时江北俱被,倭,，于是量调九江、安庆官军守京口,时江北俱被倭，于是量调九江、安庆官军守京口,倭,0.20852869007440852,9,43.159528776537,29,8.815983498777769e-10,53.22520145413711,10.186931426748002,3.314809795540441e-07
Middle Ming (1523-1567),1557,window_h10,10,江北,4,96280,205,卷二百〇五,是时，江北、福建、广东皆中,倭,。,是时，江北、福建、广东皆中倭。,倭,0.20852869007440852,9,43.159528776537,29,8.815983498777769e-10,53.22520145413711,10.186931426748002,3.314809795540441e-07
Middle Ming (1523-1567),1557,window_h10,10,江北,5,96464,205,卷二百〇五,三十六年，,倭,扰江北。,三十六年，倭扰江北。,倭,0.20852869007440852,9,43.159528776537,29,8.815983498777769e-10,53.22520145413711,10.186931426748002,3.314809795540441e-07
Middle Ming (1523-1567),1559,window_h10,10,江北,6,96485,205,卷二百〇五,其巢，追奔至虾子港，江北,倭,悉平。,其巢，追奔至虾子港，江北倭悉平。,倭,0.20852869007440852,9,43.159528776537,29,8.815983498777769e-10,53.22520145413711,10.186931426748002,3.314809795540441e-07
Middle Ming (1523-1567),1555,window_h10,10,江北,7,101572,212,卷二百十二,,倭,犯江北，逼泗州，鏊檄显防,倭犯江北，逼泗州，鏊檄显防,倭,0.20852869007440852,9,43.159528776537,29,8.815983498777769e-10,53.22520145413711,10.186931426748002,3.314809795540441e-07
Middle Ming (1523-1567),1555,window_h10,10,江北,8,101584,212,卷二百十二,三沙,倭,复劫江北，被围于刘家庄。,三沙倭复劫江北，被围于刘家庄。,倭,0.20852869007440852,9,43.159528776537,29,8.815983498777769e-10,53.22520145413711,10.186931426748002,3.314809795540441e-07
Middle Ming (1523-1567),1562,window_h10,10,江北,9,101608,212,卷二百十二,江北,倭,未平，廷议设总兵官于狼山，,江北倭未平，廷议设总兵官于狼山，,倭,0.20852869007440852,9,43.159528776537,29,8.815983498777769e-10,53.22520145413711,10.186931426748002,3.314809795540441e-07
Middle Ming (1523-1567),1554,window_h10,10,江北,10,164153,322,卷三百二十二,江南、浙西诸寇略平，而江北,倭,则犯丹阳及掠瓜洲，烧漕,江南、浙西诸寇略平，而江北倭则犯丹阳及掠瓜洲，烧漕,倭,0.20852869007440852,9,43.159528776537,29,8.815983498777769e-10,53.22520145413711,10.186931426748002,3.314809795540441e-07
Middle Ming (1523-1567),1558,window_h10,10,东南,1,39367,78,卷七十八,是时，东南被,倭,，南畿、浙、闽多额外提,是时，东南被倭，南畿、浙、闽多额外提,倭,0.6543486481645233,7,10.69766097879977,91,4.713127921607274e-06,20.961624242803776,9.508146903670326,0.00022151701231554188
Middle Ming (1523-1567),1550,window_h10,10,东南,2,94221,202,卷二百〇二,当是时，西北边数遭寇，东南,倭,又起，羽书日数至。,当是时，西北边数遭寇，东南倭又起，羽书日数至。,倭,0.6543486481645233,7,10.69766097879977,91,4.713127921607274e-06,20.961624242803776,9.508146903670326,0.00022151701231554188
Middle Ming (1523-1567),1536,window_h10,10,东南,3,94916,203,卷二百〇三,时,倭,躏东南，楷积谷资守御。,时倭躏东南，楷积谷资守御。,倭,0.6543486481645233,7,10.69766097879977,91,4.713127921607274e-06,20.961624242803776,9.508146903670326,0.00022151701231554188
Middle Ming (1523-1567),1554,window_h10,10,东南,4,96103,205,卷二百〇五,东南民既苦,倭,，复苦兵矣。,东南民既苦倭，复苦兵矣。,倭,0.6543486481645233,7,10.69766097879977,91,4.713127921607274e-06,20.961624242803776,9.508146903670326,0.00022151701231554188
Middle Ming (1523-1567),1560,window_h10,10,东南,5,96605,205,卷二百〇五,功不赏，而以冤戮，稔,倭,毒而助之攻，东南涂炭数十年。,功不赏，而以冤戮，稔倭毒而助之攻，东南涂炭数十年。,倭,0.6543486481645233,7,10.69766097879977,91,4.713127921607274e-06,20.961624242803776,9.508146903670326,0.00022151701231554188
Middle Ming (1523-1567),1523,window_h10,10,东南,6,101949,213,卷二百十三,,倭,躏东南，帝数以问阶，阶,倭躏东南，帝数以问阶，阶,倭,0.6543486481645233,7,10.69766097879977,91,4.713127921607274e-06,20.961624242803776,9.508146903670326,0.00022151701231554188
Middle Ming (1523-1567),1554,window_h10,10,东南,7,157168,310,卷三百一十,之，永顺角之，斩获一千九百余级，,倭,为夺气，盖东南战功第一云。,之，永顺角之，斩获一千九百余级，倭为夺气，盖东南战功第一云。,倭,0.6543486481645233,7,10.69766097879977,91,4.713127921607274e-06,20.961624242803776,9.508146903670326,0.00022151701231554188
Middle Ming (1523-1567),1554,window_h10,10,官军,1,4578,18,卷十八,戊辰，官军围,倭,于南沙，五阅月不克，倭溃围,戊辰，官军围倭于南沙，五阅月不克，倭溃围,倭,0.6183954257379012,8,12.936706299943905,86,2.2782327968595695e-07,26.877018935458686,9.723875594725762,2.1415388290479953e-05
Middle Ming (1523-1567),1554,window_h10,10,官军,2,4587,18,卷十八,秋八月癸未，,倭,犯嘉定，官军败之。,秋八月癸未，倭犯嘉定，官军败之。,倭,0.6183954257379012,8,12.936706299943905,86,2.2782327968595695e-07,26.877018935458686,9.723875594725762,2.1415388290479953e-05
Middle Ming (1523-1567),1553,window_h10,10,官军,3,45467,91,卷九十一,时江北俱被,倭,，于是量调九江、安庆官军守京口,时江北俱被倭，于是量调九江、安庆官军守京口,倭,0.6183954257379012,8,12.936706299943905,86,2.2782327968595695e-07,26.877018935458686,9.723875594725762,2.1415388290479953e-05
Middle Ming (1523-1567),1554,window_h10,10,官军,4,96120,205,卷二百〇五,,倭,据陶宅，官军久无功，文华遂,倭据陶宅，官军久无功，文华遂,倭,0.6183954257379012,8,12.936706299943905,86,2.2782327968595695e-07,26.877018935458686,9.723875594725762,2.1415388290479953e-05
Middle Ming (1523-1567),1553,window_h10,10,官军,5,96436,205,卷二百〇五,,倭,三百余劫会稽，为官军所逐，,倭三百余劫会稽，为官军所逐，,倭,0.6183954257379012,8,12.936706299943905,86,2.2782327968595695e-07,26.877018935458686,9.723875594725762,2.1415388290479953e-05
Middle Ming (1523-1567),1554,window_h10,10,官军,6,164154,322,卷三百二十二,其浙东之,倭,则盘踞于舟山，亦先后为官军所,其浙东之倭则盘踞于舟山，亦先后为官军所,倭,0.6183954257379012,8,12.936706299943905,86,2.2782327968595695e-07,26.877018935458686,9.723875594725762,2.1415388290479953e-05
Middle Ming (1523-1567),1554,window_h10,10,官军,7,164164,322,卷三百二十二,及是，内地官军颇有备，,倭,虽横，亦多被剿戮，有,及是，内地官军颇有备，倭虽横，亦多被剿戮，有,倭,0.6183954257379012,8,12.936706299943905,86,2.2782327968595695e-07,26.877018935458686,9.723875594725762,2.1415388290479953e-05
Middle Ming (1523-1567),1535,window_h10,10,官军,8,165883,325,卷三百二十五,番人又潜匿,倭,贼，敌杀官军。,番人又潜匿倭贼，敌杀官军。,倭,0.6183954257379012,8,12.936706299943905,86,2.2782327968595695e-07,26.877018935458686,9.723875594725762,2.1415388290479953e-05
Middle Ming (1523-1567),1559,sentence,Sentence,江北,1,4653,18,卷十八,甲午，刘景韶破,倭,于庙湾，江北倭平。,甲午，刘景韶破倭于庙湾，江北倭平。,倭,0.2569373979794415,9,35.027987637362635,28,1.571698327040849e-11,50.00251413697974,10.287281952080471,7.654170852688935e-09
Middle Ming (1523-1567),1559,sentence,Sentence,江北,2,4653,18,卷十八,甲午，刘景韶破倭于庙湾，江北,倭,平。,甲午，刘景韶破倭于庙湾，江北倭平。,倭,0.2569373979794415,9,35.027987637362635,28,1.571698327040849e-11,50.00251413697974,10.287281952080471,7.654170852688935e-09
Middle Ming (1523-1567),1553,sentence,Sentence,江北,3,45467,91,卷九十一,时江北俱被,倭,，于是量调九江、安庆官军守京口、圌山等地。,时江北俱被倭，于是量调九江、安庆官军守京口、圌山等地。,倭,0.2569373979794415,9,35.027987637362635,28,1.571698327040849e-11,50.00251413697974,10.287281952080471,7.654170852688935e-09
Middle Ming (1523-1567),1557,sentence,Sentence,江北,4,96280,205,卷二百〇五,当是时，江北、福建、广东皆中,倭,。,当是时，江北、福建、广东皆中倭。,倭,0.2569373979794415,9,35.027987637362635,28,1.571698327040849e-11,50.00251413697974,10.287281952080471,7.654170852688935e-09
Middle Ming (1523-1567),1557,sentence,Sentence,江北,5,96464,205,卷二百〇五,三十六年，,倭,扰江北。,三十六年，倭扰江北。,倭,0.2569373979794415,9,35.027987637362635,28,1.571698327040849e-11,50.00251413697974,10.287281952080471,7.654170852688935e-09
Middle Ming (1523-1567),1559,sentence,Sentence,江北,6,96485,205,卷二百〇五,官军据其巢，追奔至虾子港，江北,倭,悉平。,官军据其巢，追奔至虾子港，江北倭悉平。,倭,0.2569373979794415,9,35.027987637362635,28,1.571698327040849e-11,50.00251413697974,10.287281952080471,7.654170852688935e-09
Middle Ming (1523-1567),1555,sentence,Sentence,江北,7,101572,212,卷二百十二,,倭,犯江北，逼泗州，鏊檄显防浦口。,倭犯江北，逼泗州，鏊檄显防浦口。,倭,0.2569373979794415,9,35.027987637362635,28,1.571698327040849e-11,50.00251413697974,10.287281952080471,7.654170852688935e-09
Middle Ming (1523-1567),1555,sentence,Sentence,江北,8,101584,212,卷二百十二,三沙,倭,复劫江北，被围于刘家庄。,三沙倭复劫江北，被围于刘家庄。,倭,0.2569373979794415,9,35.027987637362635,28,1.571698327040849e-11,50.00251413697974,10.287281952080471,7.654170852688935e-09
Middle Ming (1523-1567),1562,sentence,Sentence,江北,9,101608,212,卷二百十二,江北,倭,未平，廷议设总兵官于狼山，统制大江南北，改显任之。,江北倭未平，廷议设总兵官于狼山，统制大江南北，改显任之。,倭,0.2569373979794415,9,35.027987637362635,28,1.571698327040849e-11,50.00251413697974,10.287281952080471,7.654170852688935e-09
Middle Ming (1523-1567),1554,sentence,Sentence,江北,10,164153,322,卷三百二十二,江南、浙西诸寇略平，而江北,倭,则犯丹阳及掠瓜洲，烧漕艘者明春复犯如皐、海门，攻通州，掠扬州、高邮，入宝应，遂侵淮安府，集于庙湾，逾年乃克。,江南、浙西诸寇略平，而江北倭则犯丹阳及掠瓜洲，烧漕艘者明春复犯如皐、海门，攻通州，掠扬州、高邮，入宝应，遂侵淮安府，集于庙湾，逾年乃克。,倭,0.2569373979794415,9,35.027987637362635,28,1.571698327040849e-11,50.00251413697974,10.287281952080471,7.654170852688935e-09
Middle Ming (1523-1567),1558,sentence,Sentence,东南,1,39367,78,卷七十八,是时，东南被,倭,，南畿、浙、闽多额外提编，江南至四十万。,是时，东南被倭，南畿、浙、闽多额外提编，江南至四十万。,倭,0.8350465434331849,8,9.580304311073542,91,1.944817802801424e-06,22.663523594297722,9.775998325801895,0.00011696017002703495
Middle Ming (1523-1567),1550,sentence,Sentence,东南,2,94221,202,卷二百〇二,当是时，西北边数遭寇，东南,倭,又起，羽书日数至。,当是时，西北边数遭寇，东南倭又起，羽书日数至。,倭,0.8350465434331849,8,9.580304311073542,91,1.944817802801424e-06,22.663523594297722,9.775998325801895,0.00011696017002703495
Middle Ming (1523-1567),1536,sentence,Sentence,东南,3,94916,203,卷二百〇三,时,倭,躏东南，楷积谷资守御。,时倭躏东南，楷积谷资守御。,倭,0.8350465434331849,8,9.580304311073542,91,1.944817802801424e-06,22.663523594297722,9.775998325801895,0.00011696017002703495
Middle Ming (1523-1567),1525,sentence,Sentence,东南,4,96071,205,卷二百〇五,文华密疏经糜饷殃民，畏贼失机，欲俟,倭,饱飏，剿余寇报功，宜亟治，以纾东南大祸。,文华密疏经糜饷殃民，畏贼失机，欲俟倭饱飏，剿余寇报功，宜亟治，以纾东南大祸。,倭,0.8350465434331849,8,9.580304311073542,91,1.944817802801424e-06,22.663523594297722,9.775998325801895,0.00011696017002703495
Middle Ming (1523-1567),1554,sentence,Sentence,东南,5,96103,205,卷二百〇五,东南民既苦,倭,，复苦兵矣。,东南民既苦倭，复苦兵矣。,倭,0.8350465434331849,8,9.580304311073542,91,1.944817802801424e-06,22.663523594297722,9.775998325801895,0.00011696017002703495
Middle Ming (1523-1567),1560,sentence,Sentence,东南,6,96605,205,卷二百〇五,张经功不赏，而以冤戮，稔,倭,毒而助之攻，东南涂炭数十年。,张经功不赏，而以冤戮，稔倭毒而助之攻，东南涂炭数十年。,倭,0.8350465434331849,8,9.580304311073542,91,1.944817802801424e-06,22.663523594297722,9.775998325801895,0.00011696017002703495
Middle Ming (1523-1567),1523,sentence,Sentence,东南,7,101949,213,卷二百十三,,倭,躏东南，帝数以问阶，阶力主发兵。,倭躏东南，帝数以问阶，阶力主发兵。,倭,0.8350465434331849,8,9.580304311073542,91,1.944817802801424e-06,22.663523594297722,9.775998325801895,0.00011696017002703495
Middle Ming (1523-1567),1554,sentence,Sentence,东南,8,157168,310,卷三百一十,及王江泾之战，保靖掎之，永顺角之，斩获一千九百余级，,倭,为夺气，盖东南战功第一云。,及王江泾之战，保靖掎之，永顺角之，斩获一千九百余级，倭为夺气，盖东南战功第一云。,倭,0.8350465434331849,8,9.580304311073542,91,1.944817802801424e-06,22.663523594297722,9.775998325801895,0.00011696017002703495
Middle Ming (1523-1567),1554,sentence,Sentence,官军,1,4578,18,卷十八,戊辰，官军围,倭,于南沙，五阅月不克，倭溃围出，转掠苏、松。,戊辰，官军围倭于南沙，五阅月不克，倭溃围出，转掠苏、松。,倭,0.7799885295804474,10,12.820701357466062,85,5.845895545419921e-09,34.04981210509865,10.127171240465115,9.489837102065005e-07
Middle Ming (1523-1567),1554,sentence,Sentence,官军,2,4578,18,卷十八,戊辰，官军围倭于南沙，五阅月不克，,倭,溃围出，转掠苏、松。,戊辰，官军围倭于南沙，五阅月不克，倭溃围出，转掠苏、松。,倭,0.7799885295804474,10,12.820701357466062,85,5.845895545419921e-09,34.04981210509865,10.127171240465115,9.489837102065005e-07
Middle Ming (1523-1567),1554,sentence,Sentence,官军,3,4587,18,卷十八,秋八月癸未，,倭,犯嘉定，官军败之。,秋八月癸未，倭犯嘉定，官军败之。,倭,0.7799885295804474,10,12.820701357466062,85,5.845895545419921e-09,34.04981210509865,10.127171240465115,9.489837102065005e-07
Middle Ming (1523-1567),1553,sentence,Sentence,官军,4,45467,91,卷九十一,时江北俱被,倭,，于是量调九江、安庆官军守京口、圌山等地。,时江北俱被倭，于是量调九江、安庆官军守京口、圌山等地。,倭,0.7799885295804474,10,12.820701357466062,85,5.845895545419921e-09,34.04981210509865,10.127171240465115,9.489837102065005e-07
Middle Ming (1523-1567),1554,sentence,Sentence,官军,5,96120,205,卷二百〇五,,倭,据陶宅，官军久无功，文华遂劾宜。,倭据陶宅，官军久无功，文华遂劾宜。,倭,0.7799885295804474,10,12.820701357466062,85,5.845895545419921e-09,34.04981210509865,10.127171240465115,9.489837102065005e-07
Middle Ming (1523-1567),1553,sentence,Sentence,官军,6,96436,205,卷二百〇五,,倭,三百余劫会稽，为官军所逐，走登龛山。,倭三百余劫会稽，为官军所逐，走登龛山。,倭,0.7799885295804474,10,12.820701357466062,85,5.845895545419921e-09,34.04981210509865,10.127171240465115,9.489837102065005e-07
Middle Ming (1523-1567),1559,sentence,Sentence,官军,7,96485,205,卷二百〇五,官军据其巢，追奔至虾子港，江北,倭,悉平。,官军据其巢，追奔至虾子港，江北倭悉平。,倭,0.7799885295804474,10,12.820701357466062,85,5.845895545419921e-09,34.04981210509865,10.127171240465115,9.489837102065005e-07
Middle Ming (1523-1567),1554,sentence,Sentence,官军,8,164113,322,卷三百二十二,,倭,战则驱其所掠之人为军锋，法严，人皆致死，而官军素懦怯，所至溃奔。,倭战则驱其所掠之人为军锋，法严，人皆致死，而官军素懦怯，所至溃奔。,倭,0.7799885295804474,10,12.820701357466062,85,5.845895545419921e-09,34.04981210509865,10.127171240465115,9.489837102065005e-07
Middle Ming (1523-1567),1554,sentence,Sentence,官军,9,164154,322,卷三百二十二,其浙东之,倭,则盘踞于舟山，亦先后为官军所袭。,其浙东之倭则盘踞于舟山，亦先后为官军所袭。,倭,0.7799885295804474,10,12.820701357466062,85,5.845895545419921e-09,34.04981210509865,10.127171240465115,9.489837102065005e-07
Middle Ming (1523-1567),1554,sentence,Sentence,官军,10,164164,322,卷三百二十二,及是，内地官军颇有备，,倭,虽横，亦多被剿戮，有全岛无一人归者，往往怨直，直渐不自安。,及是，内地官军颇有备，倭虽横，亦多被剿戮，有全岛无一人归者，往往怨直，直渐不自安。,倭,0.7799885295804474,10,12.820701357466062,85,5.845895545419921e-09,34.04981210509865,10.127171240465115,9.489837102065005e-07
Late Ming (1568-1644),1586,window_h5,5,朝鲜,1,5110,20,卷二十,五月，,倭,犯朝鲜，陷王,五月，倭犯朝鲜，陷王,倭,0.35003533520258084,17,48.566525405674696,203,0.0,100.31240183848172,10.447217905027994,0.0
Late Ming (1568-1644),1586,window_h5,5,朝鲜,2,5113,20,卷二十,师援朝鲜，与,倭,战于平壤，败绩,师援朝鲜，与倭战于平壤，败绩,倭,0.35003533520258084,17,48.566525405674696,203,0.0,100.31240183848172,10.447217905027994,0.0
Late Ming (1568-1644),1597,window_h5,5,朝鲜,3,36382,73,卷七十三,万历二十五年，以,倭,陷朝鲜暂设，,万历二十五年，以倭陷朝鲜暂设，,倭,0.35003533520258084,17,48.566525405674696,203,0.0,100.31240183848172,10.447217905027994,0.0
Late Ming (1568-1644),1592,window_h5,5,朝鲜,4,108146,223,卷二百二十三,时朝鲜以,倭,难告。,时朝鲜以倭难告。,倭,0.35003533520258084,17,48.566525405674696,203,0.0,100.31240183848172,10.447217905027994,0.0
Late Ming (1568-1644),1597,window_h5,5,朝鲜,5,110434,227,卷二百二十七,,倭,躏朝鲜，滨海郡,倭躏朝鲜，滨海郡,倭,0.35003533520258084,17,48.566525405674696,203,0.0,100.31240183848172,10.447217905027994,0.0
Late Ming (1568-1644),1593,window_h5,5,朝鲜,6,115797,238,卷二百三十八,以,倭,素易朝鲜军，,以倭素易朝鲜军，,倭,0.35003533520258084,17,48.566525405674696,203,0.0,100.31240183848172,10.447217905027994,0.0
Late Ming (1568-1644),1593,window_h5,5,朝鲜,7,115803,238,卷二百三十八,,倭,方轻南面朝鲜军,倭方轻南面朝鲜军,倭,0.35003533520258084,17,48.566525405674696,203,0.0,100.31240183848172,10.447217905027994,0.0
Late Ming (1568-1644),1586,window_h5,5,朝鲜,8,118152,242,卷二百四十二,石星主封,倭,，而朝鲜使臣金,石星主封倭，而朝鲜使臣金,倭,0.35003533520258084,17,48.566525405674696,203,0.0,100.31240183848172,10.447217905027994,0.0
Late Ming (1568-1644),1618,window_h5,5,朝鲜,9,120630,247,卷二百四十七,平罗雄，平朝鲜,倭,，平播酋，,平罗雄，平朝鲜倭，平播酋，,倭,0.35003533520258084,17,48.566525405674696,203,0.0,100.31240183848172,10.447217905027994,0.0
Late Ming (1568-1644),1592,window_h5,5,朝鲜,10,158127,312,卷三百十二,方驳问，会,倭,大入朝鲜，征,方驳问，会倭大入朝鲜，征,倭,0.35003533520258084,17,48.566525405674696,203,0.0,100.31240183848172,10.447217905027994,0.0
Late Ming (1568-1644),1593,window_h5,5,釜山,1,115839,238,卷二百三十八,,倭,乃结营釜山，,倭乃结营釜山，,倭,0.03793486391358019,10,263.60975019657656,22,0.0,97.04984760046459,10.553743770110437,0.0
Late Ming (1568-1644),1585,window_h5,5,釜山,2,120524,247,卷二百四十七,,倭,乃从釜山移西,倭乃从釜山移西,倭,0.03793486391358019,10,263.60975019657656,22,0.0,97.04984760046459,10.553743770110437,0.0
Late Ming (1568-1644),1592,window_h5,5,釜山,3,162863,320,卷三百二十,归自釜山，同,倭,使来请款，而,归自釜山，同倭使来请款，而,倭,0.03793486391358019,10,263.60975019657656,22,0.0,97.04984760046459,10.553743770110437,0.0
Late Ming (1568-1644),1592,window_h5,5,釜山,4,162867,320,卷三百二十,七月，,倭,从釜山移西生,七月，倭从釜山移西生,倭,0.03793486391358019,10,263.60975019657656,22,0.0,97.04984760046459,10.553743770110437,0.0
Late Ming (1568-1644),1592,window_h5,5,釜山,5,162875,320,卷三百二十,然时,倭,犹据釜山也，,然时倭犹据釜山也，,倭,0.03793486391358019,10,263.60975019657656,22,0.0,97.04984760046459,10.553743770110437,0.0
Late Ming (1568-1644),1596,window_h5,5,釜山,6,162915,320,卷三百二十,去年从釜山渡海，,倭,于大版受封,去年从釜山渡海，倭于大版受封,倭,0.03793486391358019,10,263.60975019657656,22,0.0,97.04984760046459,10.553743770110437,0.0
Late Ming (1568-1644),1596,window_h5,5,釜山,7,162929,320,卷三百二十,、大兵至，乘,倭,未备，掩釜山,、大兵至，乘倭未备，掩釜山,倭,0.03793486391358019,10,263.60975019657656,22,0.0,97.04984760046459,10.553743770110437,0.0
Late Ming (1568-1644),1596,window_h5,5,釜山,8,162931,320,卷三百二十,六月，,倭,数千艘泊釜山，,六月，倭数千艘泊釜山，,倭,0.03793486391358019,10,263.60975019657656,22,0.0,97.04984760046459,10.553743770110437,0.0
Late Ming (1568-1644),1609,window_h5,5,釜山,9,163087,320,卷三百二十,中国力得复，,倭,弃釜山遁。,中国力得复，倭弃釜山遁。,倭,0.03793486391358019,10,263.60975019657656,22,0.0,97.04984760046459,10.553743770110437,0.0
Late Ming (1568-1644),1609,window_h5,5,釜山,10,163089,320,卷三百二十,于是海上流言,倭,图釜山，朝鲜与,于是海上流言倭图釜山，朝鲜与,倭,0.03793486391358019,10,263.60975019657656,22,0.0,97.04984760046459,10.553743770110437,0.0
Late Ming (1568-1644),1586,window_h5,5,平壤,1,5113,20,卷二十,师援朝鲜，与,倭,战于平壤，败绩,师援朝鲜，与倭战于平壤，败绩,倭,0.044832111897867497,4,89.22176160499514,26,1.2643363256348294e-07,28.664990798255598,9.205584133649893,7.870493627076813e-06
Late Ming (1568-1644),1587,window_h5,5,平壤,2,5120,20,卷二十,正月甲戌，李如松攻,倭,于平壤，克之,正月甲戌，李如松攻倭于平壤，克之,倭,0.044832111897867497,4,89.22176160499514,26,1.2643363256348294e-07,28.664990798255598,9.205584133649893,7.870493627076813e-06
Late Ming (1568-1644),1592,window_h5,5,平壤,3,162836,320,卷三百二十,而,倭,业抵平壤，朝鲜,而倭业抵平壤，朝鲜,倭,0.044832111897867497,4,89.22176160499514,26,1.2643363256348294e-07,28.664990798255598,9.205584133649893,7.870493627076813e-06
Late Ming (1568-1644),1592,window_h5,5,平壤,4,164238,322,卷三百二十二,祖承训赴援，与,倭,战于平壤城外，,祖承训赴援，与倭战于平壤城外，,倭,0.044832111897867497,4,89.22176160499514,26,1.2643363256348294e-07,28.664990798255598,9.205584133649893,7.870493627076813e-06
Late Ming (1568-1644),1586,window_h10,10,朝鲜,1,5110,20,卷二十,五月，,倭,犯朝鲜，陷王京，朝鲜王李,五月，倭犯朝鲜，陷王京，朝鲜王李,倭,0.563130698948663,23,40.843093873127245,203,0.0,128.56776238530554,10.883317019834667,0.0
Late Ming (1568-1644),1586,window_h10,10,朝鲜,2,5113,20,卷二十,，副总兵祖承训帅师援朝鲜，与,倭,战于平壤，败绩。,，副总兵祖承训帅师援朝鲜，与倭战于平壤，败绩。,倭,0.563130698948663,23,40.843093873127245,203,0.0,128.56776238530554,10.883317019834667,0.0
Late Ming (1568-1644),1597,window_h10,10,朝鲜,3,36382,73,卷七十三,万历二十五年，以,倭,陷朝鲜暂设，寻为定制。,万历二十五年，以倭陷朝鲜暂设，寻为定制。,倭,0.563130698948663,23,40.843093873127245,203,0.0,128.56776238530554,10.883317019834667,0.0
Late Ming (1568-1644),1592,window_h10,10,朝鲜,4,108146,223,卷二百二十三,时朝鲜以,倭,难告。,时朝鲜以倭难告。,倭,0.563130698948663,23,40.843093873127245,203,0.0,128.56776238530554,10.883317019834667,0.0
Late Ming (1568-1644),1597,window_h10,10,朝鲜,5,110434,227,卷二百二十七,,倭,躏朝鲜，滨海郡邑悉戒严。,倭躏朝鲜，滨海郡邑悉戒严。,倭,0.563130698948663,23,40.843093873127245,203,0.0,128.56776238530554,10.883317019834667,0.0
Late Ming (1568-1644),1593,window_h10,10,朝鲜,6,115797,238,卷二百三十八,以,倭,素易朝鲜军，令副将祖承训诡为,以倭素易朝鲜军，令副将祖承训诡为,倭,0.563130698948663,23,40.843093873127245,203,0.0,128.56776238530554,10.883317019834667,0.0
Late Ming (1568-1644),1593,window_h10,10,朝鲜,7,115803,238,卷二百三十八,,倭,方轻南面朝鲜军，承训等乃,倭方轻南面朝鲜军，承训等乃,倭,0.563130698948663,23,40.843093873127245,203,0.0,128.56776238530554,10.883317019834667,0.0
Late Ming (1568-1644),1586,window_h10,10,朝鲜,8,118152,242,卷二百四十二,石星主封,倭,，而朝鲜使臣金晬泣言李如松、,石星主封倭，而朝鲜使臣金晬泣言李如松、,倭,0.563130698948663,23,40.843093873127245,203,0.0,128.56776238530554,10.883317019834667,0.0
Late Ming (1568-1644),1618,window_h10,10,朝鲜,9,120630,247,卷二百四十七,平缅寇，平罗雄，平朝鲜,倭,，平播酋，平倮，大小数百,平缅寇，平罗雄，平朝鲜倭，平播酋，平倮，大小数百,倭,0.563130698948663,23,40.843093873127245,203,0.0,128.56776238530554,10.883317019834667,0.0
Late Ming (1568-1644),1597,window_h10,10,朝鲜,10,127183,259,卷二百五十九,屡挫贼，朝鲜军亦数有功，,倭,乃退屯蔚山。,屡挫贼，朝鲜军亦数有功，倭乃退屯蔚山。,倭,0.563130698948663,23,40.843093873127245,203,0.0,128.56776238530554,10.883317019834667,0.0
Late Ming (1568-1644),1593,window_h10,10,釜山,1,115839,238,卷二百三十八,,倭,乃结营釜山，为久留计。,倭乃结营釜山，为久留计。,倭,0.061028942743204855,13,213.0136852394917,22,2.7112707777482543e-28,123.42610312249518,10.932255393364166,3.4071636107036395e-26
Late Ming (1568-1644),1585,window_h10,10,釜山,2,120519,247,卷二百四十七,,倭,大惊，遂移驻釜山浦。,倭大惊，遂移驻釜山浦。,倭,0.061028942743204855,13,213.0136852394917,22,2.7112707777482543e-28,123.42610312249518,10.932255393364166,3.4071636107036395e-26
Late Ming (1568-1644),1585,window_h10,10,釜山,3,120524,247,卷二百四十七,,倭,乃从釜山移西生浦，送王子,倭乃从釜山移西生浦，送王子,倭,0.061028942743204855,13,213.0136852394917,22,2.7112707777482543e-28,123.42610312249518,10.932255393364166,3.4071636107036395e-26
Late Ming (1568-1644),1592,window_h10,10,釜山,4,162860,320,卷三百二十,釜山虽濒海南，犹朝鲜境，有如,倭,觇我罢兵，突入再犯，朝鲜不支，,釜山虽濒海南，犹朝鲜境，有如倭觇我罢兵，突入再犯，朝鲜不支，,倭,0.061028942743204855,13,213.0136852394917,22,2.7112707777482543e-28,123.42610312249518,10.932255393364166,3.4071636107036395e-26
Late Ming (1568-1644),1592,window_h10,10,釜山,5,162863,320,卷三百二十,已而沈惟敬归自釜山，同,倭,使来请款，而倭随犯咸安,已而沈惟敬归自釜山，同倭使来请款，而倭随犯咸安,倭,0.061028942743204855,13,213.0136852394917,22,2.7112707777482543e-28,123.42610312249518,10.932255393364166,3.4071636107036395e-26
Late Ming (1568-1644),1592,window_h10,10,釜山,6,162863,320,卷三百二十,自釜山，同倭使来请款，而,倭,随犯咸安、晋州，逼全罗，,自釜山，同倭使来请款，而倭随犯咸安、晋州，逼全罗，,倭,0.061028942743204855,13,213.0136852394917,22,2.7112707777482543e-28,123.42610312249518,10.932255393364166,3.4071636107036395e-26
Late Ming (1568-1644),1592,window_h10,10,釜山,7,162867,320,卷三百二十,七月，,倭,从釜山移西生浦，送回王子、,七月，倭从釜山移西生浦，送回王子、,倭,0.061028942743204855,13,213.0136852394917,22,2.7112707777482543e-28,123.42610312249518,10.932255393364166,3.4071636107036395e-26
Late Ming (1568-1644),1592,window_h10,10,釜山,8,162875,320,卷三百二十,然时,倭,犹据釜山也，星益一意主,然时倭犹据釜山也，星益一意主,倭,0.061028942743204855,13,213.0136852394917,22,2.7112707777482543e-28,123.42610312249518,10.932255393364166,3.4071636107036395e-26
Late Ming (1568-1644),1596,window_h10,10,釜山,9,162915,320,卷三百二十,，方亨诡报去年从釜山渡海，,倭,于大版受封，即回和泉州,，方亨诡报去年从釜山渡海，倭于大版受封，即回和泉州,倭,0.061028942743204855,13,213.0136852394917,22,2.7112707777482543e-28,123.42610312249518,10.932255393364166,3.4071636107036395e-26
Late Ming (1568-1644),1596,window_h10,10,釜山,10,162916,320,卷三百二十,然,倭,方责备朝鲜，仍留兵釜山如故，,然倭方责备朝鲜，仍留兵釜山如故，,倭,0.061028942743204855,13,213.0136852394917,22,2.7112707777482543e-28,123.42610312249518,10.932255393364166,3.4071636107036395e-26
Late Ming (1568-1644),1586,window_h10,10,平壤,1,5113,20,卷二十,，副总兵祖承训帅师援朝鲜，与,倭,战于平壤，败绩。,，副总兵祖承训帅师援朝鲜，与倭战于平壤，败绩。,倭,0.07212511415106028,6,83.18877648406185,26,0.0,42.68447991480325,9.79054663437105,0.0
Late Ming (1568-1644),1587,window_h10,10,平壤,2,5120,20,卷二十,二十一年春正月甲戌，李如松攻,倭,于平壤，克之。,二十一年春正月甲戌，李如松攻倭于平壤，克之。,倭,0.07212511415106028,6,83.18877648406185,26,0.0,42.68447991480325,9.79054663437105,0.0
Late Ming (1568-1644),1593,window_h10,10,平壤,3,115836,238,卷二百三十八,应昌、如松急欲休息，而,倭,亦刍粮并绝，且惩平壤之败,应昌、如松急欲休息，而倭亦刍粮并绝，且惩平壤之败,倭,0.07212511415106028,6,83.18877648406185,26,0.0,42.68447991480325,9.79054663437105,0.0
Late Ming (1568-1644),1592,window_h10,10,平壤,4,162836,320,卷三百二十,而,倭,业抵平壤，朝鲜君臣益急，出,而倭业抵平壤，朝鲜君臣益急，出,倭,0.07212511415106028,6,83.18877648406185,26,0.0,42.68447991480325,9.79054663437105,0.0
Late Ming (1568-1644),1601,window_h10,10,平壤,5,163056,320,卷三百二十,倘,倭,别遣一旅占据平壤，则王京,倘倭别遣一旅占据平壤，则王京,倭,0.07212511415106028,6,83.18877648406185,26,0.0,42.68447991480325,9.79054663437105,0.0
Late Ming (1568-1644),1592,window_h10,10,平壤,6,164238,322,卷三百二十二,七月命副总兵祖承训赴援，与,倭,战于平壤城外，大败，承训仅以身免,七月命副总兵祖承训赴援，与倭战于平壤城外，大败，承训仅以身免,倭,0.07212511415106028,6,83.18877648406185,26,0.0,42.68447991480325,9.79054663437105,0.0
Late Ming (1568-1644),1586,sentence,Sentence,朝鲜,1,5110,20,卷二十,五月，,倭,犯朝鲜，陷王京，朝鲜王李昖奔义州求救。,五月，倭犯朝鲜，陷王京，朝鲜王李昖奔义州求救。,倭,0.6563936596668015,25,38.08690049305244,194,0.0,139.9053783357952,11.081613765553652,0.0
Late Ming (1568-1644),1586,sentence,Sentence,朝鲜,2,5113,20,卷二十,甲戌，副总兵祖承训帅师援朝鲜，与,倭,战于平壤，败绩。,甲戌，副总兵祖承训帅师援朝鲜，与倭战于平壤，败绩。,倭,0.6563936596668015,25,38.08690049305244,194,0.0,139.9053783357952,11.081613765553652,0.0
Late Ming (1568-1644),1597,sentence,Sentence,朝鲜,3,36382,73,卷七十三,万历二十五年，以,倭,陷朝鲜暂设，寻为定制。,万历二十五年，以倭陷朝鲜暂设，寻为定制。,倭,0.6563936596668015,25,38.08690049305244,194,0.0,139.9053783357952,11.081613765553652,0.0
Late Ming (1568-1644),1592,sentence,Sentence,朝鲜,4,108146,223,卷二百二十三,时朝鲜以,倭,难告。,时朝鲜以倭难告。,倭,0.6563936596668015,25,38.08690049305244,194,0.0,139.9053783357952,11.081613765553652,0.0
Late Ming (1568-1644),1597,sentence,Sentence,朝鲜,5,110434,227,卷二百二十七,,倭,躏朝鲜，滨海郡邑悉戒严。,倭躏朝鲜，滨海郡邑悉戒严。,倭,0.6563936596668015,25,38.08690049305244,194,0.0,139.9053783357952,11.081613765553652,0.0
Late Ming (1568-1644),1593,sentence,Sentence,朝鲜,6,115797,238,卷二百三十八,以,倭,素易朝鲜军，令副将祖承训诡为其装，潜伏西南。,以倭素易朝鲜军，令副将祖承训诡为其装，潜伏西南。,倭,0.6563936596668015,25,38.08690049305244,194,0.0,139.9053783357952,11.081613765553652,0.0
Late Ming (1568-1644),1593,sentence,Sentence,朝鲜,7,115803,238,卷二百三十八,,倭,方轻南面朝鲜军，承训等乃卸装露明甲。,倭方轻南面朝鲜军，承训等乃卸装露明甲。,倭,0.6563936596668015,25,38.08690049305244,194,0.0,139.9053783357952,11.081613765553652,0.0
Late Ming (1568-1644),1586,sentence,Sentence,朝鲜,8,118152,242,卷二百四十二,石星主封,倭,，而朝鲜使臣金晬泣言李如松、沈惟敬之误，致国人束手受刃者六万余人。,石星主封倭，而朝鲜使臣金晬泣言李如松、沈惟敬之误，致国人束手受刃者六万余人。,倭,0.6563936596668015,25,38.08690049305244,194,0.0,139.9053783357952,11.081613765553652,0.0
Late Ming (1568-1644),1585,sentence,Sentence,朝鲜,9,120524,247,卷二百四十七,,倭,乃从釜山移西生浦，送王子归朝鲜。,倭乃从釜山移西生浦，送王子归朝鲜。,倭,0.6563936596668015,25,38.08690049305244,194,0.0,139.9053783357952,11.081613765553652,0.0
Late Ming (1568-1644),1618,sentence,Sentence,朝鲜,10,120630,247,卷二百四十七,平缅寇，平罗雄，平朝鲜,倭,，平播酋，平倮，大小数百战，威名震海内。,平缅寇，平罗雄，平朝鲜倭，平播酋，平倮，大小数百战，威名震海内。,倭,0.6563936596668015,25,38.08690049305244,194,0.0,139.9053783357952,11.081613765553652,0.0
Late Ming (1568-1644),1593,sentence,Sentence,釜山,1,115839,238,卷二百三十八,,倭,乃结营釜山，为久留计。,倭乃结营釜山，为久留计。,倭,0.07443639439520429,14,188.08003952569172,22,4.855633240798431e-30,131.5864966851443,11.120854394874385,5.899594387570094e-28
Late Ming (1568-1644),1585,sentence,Sentence,釜山,2,120519,247,卷二百四十七,,倭,大惊，遂移驻釜山浦。,倭大惊，遂移驻釜山浦。,倭,0.07443639439520429,14,188.08003952569172,22,4.855633240798431e-30,131.5864966851443,11.120854394874385,5.899594387570094e-28
Late Ming (1568-1644),1585,sentence,Sentence,釜山,3,120524,247,卷二百四十七,,倭,乃从釜山移西生浦，送王子归朝鲜。,倭乃从釜山移西生浦，送王子归朝鲜。,倭,0.07443639439520429,14,188.08003952569172,22,4.855633240798431e-30,131.5864966851443,11.120854394874385,5.899594387570094e-28
Late Ming (1568-1644),1592,sentence,Sentence,釜山,4,162860,320,卷三百二十,应昌疏称：「釜山虽濒海南，犹朝鲜境，有如,倭,觇我罢兵，突入再犯，朝鲜不支，前功尽弃。,应昌疏称：「釜山虽濒海南，犹朝鲜境，有如倭觇我罢兵，突入再犯，朝鲜不支，前功尽弃。,倭,0.07443639439520429,14,188.08003952569172,22,4.855633240798431e-30,131.5864966851443,11.120854394874385,5.899594387570094e-28
Late Ming (1568-1644),1592,sentence,Sentence,釜山,5,162863,320,卷三百二十,已而沈惟敬归自釜山，同,倭,使来请款，而倭随犯咸安、晋州，逼全罗，声复汉江以南，以王京、汉江为界。,已而沈惟敬归自釜山，同倭使来请款，而倭随犯咸安、晋州，逼全罗，声复汉江以南，以王京、汉江为界。,倭,0.07443639439520429,14,188.08003952569172,22,4.855633240798431e-30,131.5864966851443,11.120854394874385,5.899594387570094e-28
Late Ming (1568-1644),1592,sentence,Sentence,釜山,6,162863,320,卷三百二十,已而沈惟敬归自釜山，同倭使来请款，而,倭,随犯咸安、晋州，逼全罗，声复汉江以南，以王京、汉江为界。,已而沈惟敬归自釜山，同倭使来请款，而倭随犯咸安、晋州，逼全罗，声复汉江以南，以王京、汉江为界。,倭,0.07443639439520429,14,188.08003952569172,22,4.855633240798431e-30,131.5864966851443,11.120854394874385,5.899594387570094e-28
Late Ming (1568-1644),1592,sentence,Sentence,釜山,7,162867,320,卷三百二十,七月，,倭,从釜山移西生浦，送回王子、陪臣。,七月，倭从釜山移西生浦，送回王子、陪臣。,倭,0.07443639439520429,14,188.08003952569172,22,4.855633240798431e-30,131.5864966851443,11.120854394874385,5.899594387570094e-28
Late Ming (1568-1644),1592,sentence,Sentence,釜山,8,162875,320,卷三百二十,然时,倭,犹据釜山也，星益一意主款。,然时倭犹据釜山也，星益一意主款。,倭,0.07443639439520429,14,188.08003952569172,22,4.855633240798431e-30,131.5864966851443,11.120854394874385,5.899594387570094e-28
Late Ming (1568-1644),1596,sentence,Sentence,釜山,9,162915,320,卷三百二十,初，方亨诡报去年从釜山渡海，,倭,于大版受封，即回和泉州。,初，方亨诡报去年从釜山渡海，倭于大版受封，即回和泉州。,倭,0.07443639439520429,14,188.08003952569172,22,4.855633240798431e-30,131.5864966851443,11.120854394874385,5.899594387570094e-28
Late Ming (1568-1644),1596,sentence,Sentence,釜山,10,162916,320,卷三百二十,然,倭,方责备朝鲜，仍留兵釜山如故，谢表后时不发，方亨徒手归。,然倭方责备朝鲜，仍留兵釜山如故，谢表后时不发，方亨徒手归。,倭,0.07443639439520429,14,188.08003952569172,22,4.855633240798431e-30,131.5864966851443,11.120854394874385,5.899594387570094e-28
Late Ming (1568-1644),1586,sentence,Sentence,平壤,1,5113,20,卷二十,甲戌，副总兵祖承训帅师援朝鲜，与,倭,战于平壤，败绩。,甲戌，副总兵祖承训帅师援朝鲜，与倭战于平壤，败绩。,倭,0.08797028428524144,8,90.93979933110369,26,0.0,59.39360907323005,10.285754482333878,0.0
Late Ming (1568-1644),1587,sentence,Sentence,平壤,2,5120,20,卷二十,二十一年春正月甲戌，李如松攻,倭,于平壤，克之。,二十一年春正月甲戌，李如松攻倭于平壤，克之。,倭,0.08797028428524144,8,90.93979933110369,26,0.0,59.39360907323005,10.285754482333878,0.0
Late Ming (1568-1644),1592,sentence,Sentence,平壤,3,115784,238,卷二百三十八,十二月，如松至军，沈惟敬自,倭,归，言倭酋行长愿封，请退平壤迄西，以大同江为界。,十二月，如松至军，沈惟敬自倭归，言倭酋行长愿封，请退平壤迄西，以大同江为界。,倭,0.08797028428524144,8,90.93979933110369,26,0.0,59.39360907323005,10.285754482333878,0.0
Late Ming (1568-1644),1593,sentence,Sentence,平壤,4,115794,238,卷二百三十八,如松分布诸军，抵平壤城，诸将逡巡未入，形大露，,倭,悉登陴拒守。,如松分布诸军，抵平壤城，诸将逡巡未入，形大露，倭悉登陴拒守。,倭,0.08797028428524144,8,90.93979933110369,26,0.0,59.39360907323005,10.285754482333878,0.0
Late Ming (1568-1644),1593,sentence,Sentence,平壤,5,115836,238,卷二百三十八,及碧蹄败衄，如松气大索，应昌、如松急欲休息，而,倭,亦刍粮并绝，且惩平壤之败，有归志，于是惟敬款议复行。,及碧蹄败衄，如松气大索，应昌、如松急欲休息，而倭亦刍粮并绝，且惩平壤之败，有归志，于是惟敬款议复行。,倭,0.08797028428524144,8,90.93979933110369,26,0.0,59.39360907323005,10.285754482333878,0.0
Late Ming (1568-1644),1592,sentence,Sentence,平壤,6,162836,320,卷三百二十,而,倭,业抵平壤，朝鲜君臣益急，出避爱州。,而倭业抵平壤，朝鲜君臣益急，出避爱州。,倭,0.08797028428524144,8,90.93979933110369,26,0.0,59.39360907323005,10.285754482333878,0.0
Late Ming (1568-1644),1601,sentence,Sentence,平壤,7,163056,320,卷三百二十,倘,倭,别遣一旅占据平壤，则王京声援断绝，皆应修筑屯聚。,倘倭别遣一旅占据平壤，则王京声援断绝，皆应修筑屯聚。,倭,0.08797028428524144,8,90.93979933110369,26,0.0,59.39360907323005,10.285754482333878,0.0
Late Ming (1568-1644),1592,sentence,Sentence,平壤,8,164237,322,卷三百二十二,,倭,遂入王京，执其王妃、王子，追奔至平壤，放兵淫掠。,倭遂入王京，执其王妃、王子，追奔至平壤，放兵淫掠。,倭,0.08797028428524144,8,90.93979933110369,26,0.0,59.39360907323005,10.285754482333878,0.0
Late Ming (1568-1644),1592,sentence,Sentence,平壤,9,164238,322,卷三百二十二,七月命副总兵祖承训赴援，与,倭,战于平壤城外，大败，承训仅以身免。,七月命副总兵祖承训赴援，与倭战于平壤城外，大败，承训仅以身免。,倭,0.08797028428524144,8,90.93979933110369,26,0.0,59.39360907323005,10.285754482333878,0.0
