juan_no,juan_title,wo_count,han_chars,wo_per_1000_chars,has_content
1,卷一,0,5615,0.0,True
2,卷二,6,6751,0.8888,True
3,卷三,6,6199,0.9679,True
4,卷四,0,3116,0.0,True
5,卷五,0,3202,0.0,True
6,卷六,4,4665,0.8574,True
7,卷七,3,4339,0.6914,True
8,卷八,0,2370,0.0,True
9,卷九,0,3535,0.0,True
10,卷十,3,3881,0.773,True
11,卷十一,1,3245,0.3082,True
12,卷十二,0,2193,0.0,True
13,卷十三,0,2385,0.0,True
14,卷十四,0,2086,0.0,True
15,卷十五,0,3775,0.0,True
16,卷十六,0,4091,0.0,True
17,卷十七,0,4679,0.0,True
18,卷十八,44,4003,10.9918,True
19,卷十九,3,1701,1.7637,True
20,卷二十,11,4185,2.6284,True
21,卷二十一,10,4076,2.4534,True
22,卷二十二,0,3576,0.0,True
23,卷二十三,0,4704,0.0,True
24,卷二十四,0,4310,0.0,True
25,卷二十五,0,8501,0.0,True
26,卷二十六,0,10104,0.0,True
27,卷二十七,0,9902,0.0,True
28,卷二十八,0,13453,0.0,True
29,卷二十九,0,7657,0.0,True
30,卷三十,0,12911,0.0,True
31,卷三十一,0,13812,0.0,True
32,卷三十二,0,3647,0.0,True
33,卷三十三,0,5753,0.0,True
34,卷三十四,0,282,0.0,True
35,卷三十五,0,7056,0.0,True
36,卷三十六,0,5238,0.0,True
37,卷三十七,0,7988,0.0,True
38,卷三十八,0,2756,0.0,True
39,卷三十九,0,73,0.0,True
40,卷四十,0,22096,0.0,True
41,卷四十一,0,15648,0.0,True
42,卷四十二,0,17379,0.0,True
43,卷四十三,0,20031,0.0,True
44,卷四十四,0,20476,0.0,True
45,卷四十五,0,20436,0.0,True
46,卷四十六,0,19785,0.0,True
47,卷四十七,0,8078,0.0,True
48,卷四十八,0,7282,0.0,True
49,卷四十九,0,8830,0.0,True
50,卷五十,0,8529,0.0,True
51,卷五十一,0,6677,0.0,True
52,卷五十二,0,5217,0.0,True
53,卷五十三,0,7881,0.0,True
54,卷五十四,0,8138,0.0,True
55,卷五十五,0,8347,0.0,True
56,卷五十六,0,6991,0.0,True
57,卷五十七,0,4259,0.0,True
58,卷五十八,0,3495,0.0,True
59,卷五十九,0,5925,0.0,True
60,卷六十,0,10287,0.0,True
61,卷六十一,0,7521,0.0,True
62,卷六十二,0,10109,0.0,True
63,卷六十三,0,9584,0.0,True
64,卷六十四,0,3647,0.0,True
65,卷六十五,0,6387,0.0,True
66,卷六十六,0,6393,0.0,True
67,卷六十七,0,9239,0.0,True
68,卷六十八,0,6498,0.0,True
69,卷六十九,0,7185,0.0,True
70,卷七十,0,6889,0.0,True
71,卷七十一,0,7177,0.0,True
72,卷七十二,2,15742,0.127,True
73,卷七十三,3,11062,0.2712,True
74,卷七十四,0,16476,0.0,True
75,卷七十五,1,8179,0.1223,True
76,卷七十六,3,9392,0.3194,True
77,卷七十七,0,5438,0.0,True
78,卷七十八,5,7409,0.6749,True
79,卷七十九,0,6618,0.0,True
80,卷八十,0,10676,0.0,True
81,卷八十一,5,10027,0.4987,True
82,卷八十二,0,9328,0.0,True
83,卷八十三,0,12964,0.0,True
84,卷八十四,3,12117,0.2476,True
85,卷八十五,0,10788,0.0,True
86,卷八十六,2,6387,0.3131,True
87,卷八十七,0,10291,0.0,True
88,卷八十八,2,12337,0.1621,True
89,卷八十九,0,7461,0.0,True
90,卷九十,1,12895,0.0775,True
91,卷九十一,29,8102,3.5794,True
92,卷九十二,9,10104,0.8907,True
93,卷九十三,0,10990,0.0,True
94,卷九十四,0,10295,0.0,True
95,卷九十五,0,6044,0.0,True
96,卷九十六,1,2432,0.4112,True
97,卷九十七,0,3132,0.0,True
98,卷九十八,0,2743,0.0,True
99,卷九十九,0,2007,0.0,True
100,卷一百,0,1189,0.0,True
101,卷一百〇一,0,0,0.0,False
102,卷一百〇二,,,,False
103,卷一百〇三,0,141,0.0,True
104,卷一百〇四,0,298,0.0,True
105,卷一百〇五,0,464,0.0,True
106,卷一百〇六,0,19,0.0,True
107,卷一百〇七,,,,False
108,卷一百〇八,0,233,0.0,True
109,卷一百〇九,0,304,0.0,True
110,卷一百十,,,,False
111,卷一百十一,0,242,0.0,True
112,卷一百十二,,,,False
113,卷一百十三,0,8502,0.0,True
114,卷一百十四,0,7367,0.0,True
115,卷一百十五,0,3345,0.0,True
116,卷一百十六,0,8911,0.0,True
117,卷一百十七,0,8425,0.0,True
118,卷一百十八,0,8848,0.0,True
119,卷一百十九,0,7105,0.0,True
120,卷一百二十,0,5295,0.0,True
121,卷一百二十一,0,188,0.0,True
122,卷一百二十二,0,2673,0.0,True
123,卷一百二十三,0,8517,0.0,True
124,卷一百二十四,0,5162,0.0,True
125,卷一百二十五,0,6991,0.0,True
126,卷一百二十六,8,10931,0.7319,True
127,卷一百二十七,0,2608,0.0,True
128,卷一百二十八,0,6672,0.0,True
129,卷一百二十九,1,7301,0.137,True
130,卷一百三十,4,9000,0.4444,True
131,卷一百三十一,1,6580,0.152,True
132,卷一百三十二,0,5008,0.0,True
133,卷一百三十三,1,8559,0.1168,True
134,卷一百三十四,1,5647,0.1771,True
135,卷一百三十五,1,4225,0.2367,True
136,卷一百三十六,1,5565,0.1797,True
137,卷一百三十七,0,7670,0.0,True
138,卷一百三十八,0,6179,0.0,True
139,卷一百三十九,0,4615,0.0,True
140,卷一百四十,0,3684,0.0,True
141,卷一百四十一,0,6009,0.0,True
142,卷一百四十二,0,4685,0.0,True
143,卷一百四十三,0,6465,0.0,True
144,卷一百四十四,1,4319,0.2315,True
145,卷一百四十五,1,7226,0.1384,True
146,卷一百四十六,3,4899,0.6124,True
147,卷一百四十七,0,5918,0.0,True
148,卷一百四十八,0,6029,0.0,True
149,卷一百四十九,0,3749,0.0,True
150,卷一百五十,0,5217,0.0,True
151,卷一百五十一,0,4771,0.0,True
152,卷一百五十二,0,5110,0.0,True
153,卷一百五十三,1,6344,0.1576,True
154,卷一百五十四,3,9481,0.3164,True
155,卷一百五十五,3,8050,0.3727,True
156,卷一百五十六,0,5551,0.0,True
157,卷一百五十七,0,7237,0.0,True
158,卷一百五十八,0,6572,0.0,True
159,卷一百五十九,0,8826,0.0,True
160,卷一百六十,0,5990,0.0,True
161,卷一百六十一,0,8223,0.0,True
162,卷一百六十二,0,9002,0.0,True
163,卷一百六十三,0,4735,0.0,True
164,卷一百六十四,0,10411,0.0,True
165,卷一百六十五,3,5295,0.5666,True
166,卷一百六十六,2,7321,0.2732,True
167,卷一百六十七,1,4099,0.244,True
168,卷一百六十八,0,7493,0.0,True
169,卷一百六十九,0,3715,0.0,True
170,卷一百七十,1,4357,0.2295,True
171,卷一百七十一,0,9250,0.0,True
172,卷一百七十二,1,10153,0.0985,True
173,卷一百七十三,0,9099,0.0,True
174,卷一百七十四,0,8513,0.0,True
175,卷一百七十五,2,6053,0.3304,True
176,卷一百七十六,0,9624,0.0,True
177,卷一百七十七,0,10614,0.0,True
178,卷一百七十八,0,8237,0.0,True
179,卷一百七十九,0,6432,0.0,True
180,卷一百八十,0,14469,0.0,True
181,卷一百八十一,0,10015,0.0,True
182,卷一百八十二,0,8213,0.0,True
183,卷一百八十三,0,8153,0.0,True
184,卷一百八十四,0,6933,0.0,True
185,卷一百八十五,0,7393,0.0,True
186,卷一百八十六,0,13017,0.0,True
187,卷一百八十七,0,9421,0.0,True
188,卷一百八十八,0,13205,0.0,True
189,卷一百八十九,0,8366,0.0,True
190,卷一百九十,0,8667,0.0,True
191,卷一百九十一,0,10737,0.0,True
192,卷一百九十二,0,9481,0.0,True
193,卷一百九十三,2,8714,0.2295,True
194,卷一百九十四,0,10687,0.0,True
195,卷一百九十五,0,5145,0.0,True
196,卷一百九十六,0,11824,0.0,True
197,卷一百九十七,0,9756,0.0,True
198,卷一百九十八,1,11773,0.0849,True
199,卷一百九十九,10,8083,1.2372,True
200,卷二百,0,10281,0.0,True
201,卷二百〇一,0,6396,0.0,True
202,卷二百〇二,5,10105,0.4948,True
203,卷二百〇三,5,9772,0.5117,True
204,卷二百〇四,2,9710,0.206,True
205,卷二百〇五,49,9160,5.3493,True
206,卷二百〇六,0,12081,0.0,True
207,卷二百〇七,0,8586,0.0,True
208,卷二百〇八,3,10809,0.2775,True
209,卷二百〇九,1,12386,0.0807,True
210,卷二百一十,3,10086,0.2974,True
211,卷二百十一,2,9501,0.2105,True
212,卷二百十二,66,11269,5.8568,True
213,卷二百十三,1,10125,0.0988,True
214,卷二百十四,2,7090,0.2821,True
215,卷二百十五,0,6873,0.0,True
216,卷二百十六,6,11715,0.5122,True
217,卷二百十七,0,7078,0.0,True
218,卷二百十八,0,8987,0.0,True
219,卷二百十九,0,5399,0.0,True
220,卷二百二十,3,10448,0.2871,True
221,卷二百二十一,3,7641,0.3926,True
222,卷二百二十二,14,12456,1.124,True
223,卷二百二十三,8,9614,0.8321,True
224,卷二百二十四,0,9581,0.0,True
225,卷二百二十五,2,5974,0.3348,True
226,卷二百二十六,3,9276,0.3234,True
227,卷二百二十七,6,8886,0.6752,True
228,卷二百二十八,1,5523,0.1811,True
229,卷二百二十九,1,7773,0.1287,True
230,卷二百三十,0,7470,0.0,True
231,卷二百三十一,0,9825,0.0,True
232,卷二百三十二,0,5376,0.0,True
233,卷二百三十三,0,8041,0.0,True
234,卷二百三十四,1,9574,0.1044,True
235,卷二百三十五,1,8946,0.1118,True
236,卷二百三十六,1,9666,0.1035,True
237,卷二百三十七,1,5542,0.1804,True
238,卷二百三十八,34,8624,3.9425,True
239,卷二百三十九,2,10352,0.1932,True
240,卷二百四十,1,10561,0.0947,True
241,卷二百四十一,0,7810,0.0,True
242,卷二百四十二,2,6391,0.3129,True
243,卷二百四十三,1,8455,0.1183,True
244,卷二百四十四,0,12261,0.0,True
245,卷二百四十五,0,8778,0.0,True
246,卷二百四十六,0,6274,0.0,True
247,卷二百四十七,16,10989,1.456,True
248,卷二百四十八,0,8022,0.0,True
249,卷二百四十九,0,10258,0.0,True
250,卷二百五十,0,5655,0.0,True
251,卷二百五十一,0,11486,0.0,True
252,卷二百五十二,0,7040,0.0,True
253,卷二百五十三,1,9039,0.1106,True
254,卷二百五十四,0,7228,0.0,True
255,卷二百五十五,0,12826,0.0,True
256,卷二百五十六,0,4733,0.0,True
257,卷二百五十七,2,10603,0.1886,True
258,卷二百五十八,0,15541,0.0,True
259,卷二百五十九,2,16985,0.1178,True
260,卷二百六十,0,12827,0.0,True
261,卷二百六十一,0,5820,0.0,True
262,卷二百六十二,0,7593,0.0,True
263,卷二百六十三,0,7051,0.0,True
264,卷二百六十四,0,6295,0.0,True
265,卷二百六十五,0,8774,0.0,True
266,卷二百六十六,0,7596,0.0,True
267,卷二百六十七,0,5459,0.0,True
268,卷二百六十八,0,4578,0.0,True
269,卷二百六十九,0,10824,0.0,True
270,卷二百七十,8,6976,1.1468,True
271,卷二百七十一,0,7716,0.0,True
272,卷二百七十二,0,4856,0.0,True
273,卷二百七十三,0,10458,0.0,True
274,卷二百七十四,0,8152,0.0,True
275,卷二百七十五,0,7330,0.0,True
276,卷二百七十六,0,10624,0.0,True
277,卷二百七十七,0,10149,0.0,True
278,卷二百七十八,0,10258,0.0,True
279,卷二百七十九,0,11532,0.0,True
280,卷二百八十,0,5990,0.0,True
281,卷二百八十一,0,12036,0.0,True
282,卷二百八十二,0,14487,0.0,True
283,卷二百八十三,2,12314,0.1624,True
284,卷二百八十四,0,3732,0.0,True
285,卷二百八十五,0,9981,0.0,True
286,卷二百八十六,0,9130,0.0,True
287,卷二百八十七,4,8462,0.4727,True
288,卷二百八十八,0,7761,0.0,True
289,卷二百八十九,1,10012,0.0999,True
290,卷二百九十,37,6017,6.1492,True
291,卷二百九十一,0,8952,0.0,True
292,卷二百九十二,0,8105,0.0,True
293,卷二百九十三,0,7600,0.0,True
294,卷二百九十四,0,10158,0.0,True
295,卷二百九十五,0,7497,0.0,True
296,卷二百九十六,1,8111,0.1233,True
297,卷二百九十七,6,8413,0.7132,True
298,卷二百九十八,0,3104,0.0,True
299,卷二百九十九,1,9147,0.1093,True
300,卷三百,0,9996,0.0,True
301,卷三百〇一,1,8417,0.1188,True
302,卷三百〇二,14,7717,1.8142,True
303,卷三百〇三,0,8420,0.0,True
304,卷三百〇四,0,12594,0.0,True
305,卷三百〇五,0,13738,0.0,True
306,卷三百〇六,0,16676,0.0,True
307,卷三百〇七,0,12265,0.0,True
308,卷三百〇八,5,17844,0.2802,True
309,卷三百〇九,0,13431,0.0,True
310,卷三百一十,10,7998,1.2503,True
311,卷三百十一,0,14959,0.0,True
312,卷三百十二,4,9528,0.4198,True
313,卷三百十三,0,9560,0.0,True
314,卷三百十四,0,13885,0.0,True
315,卷三百十五,1,14290,0.07,True
316,卷三百十六,0,13022,0.0,True
317,卷三百十七,0,10765,0.0,True
318,卷三百十八,1,10710,0.0934,True
319,卷三百十九,0,8071,0.0,True
320,卷三百二十,79,12169,6.4919,True
321,卷三百二十一,0,13094,0.0,True
322,卷三百二十二,63,7688,8.1946,True
323,卷三百二十三,13,8370,1.5532,True
324,卷三百二十四,0,10982,0.0,True
325,卷三百二十五,5,10613,0.4711,True
326,卷三百二十六,0,7859,0.0,True
327,卷三百二十七,0,13805,0.0,True
328,卷三百二十八,0,5420,0.0,True
329,卷三百二十九,0,11221,0.0,True
330,卷三百三十,0,12405,0.0,True
331,卷三百三十一,0,10056,0.0,True
332,卷三百三十二,0,11574,0.0,True
